name,rating,createdAt,address1,address2,address3,postCode,latitude,longitude
"G&J Flavours of Home, Bath Street",3,16/09/2024,Morrisons Daily,48-60  Bath Street,St. Helier,JE2 4SU,49.185462,-2.102357
The Mulcaster & 1823 Grill,4,09/12/2024,The Mulcaster & 1823 Grill,14  Mulcaster Street,St. Helier,JE2 3NJ,49.183115,-2.106983
The Office Bar (Events),2,23/08/2024,,,,,,
Green Dragon / Dish,3,22/10/2024,Green Dragon Chinese Restaurant,Gloucester Street,St. Helier,JE2 3QR,49.187144,-2.111804
BE Caterers,5,25/03/2025,,,,,,
Grouville School (Flourish),5,03/10/2024,Grouville Primary School,La Rue de la Haye du Puits,Grouville,JE3 9DL,49.185554,-2.04231
Wicked Chicken,5,10/06/2024,Wicked Chicken,4  La Rue du Crocquet,St. Brelade,JE3 8AA,49.189334,-2.169974
Kracking Food,5,08/04/2024,,,,,,
Jersey Family Food Kitchen,3,27/01/2025,,,,,,
Sugar & Spice by Rustic Jersey,5,10/06/2024,,,,,,
Flavours of Madeira,4,11/04/2024,6 Cheapside,,St Helier,,49.18876,-2.11235
"Mange Tout, York Street",5,31/05/2024,12  York Street,,St. Helier,JE2 3RQ,49.18583,-2.1095
The Slip Bistro and Grill,4,16/07/2024,La Haule Slip,La Neuve Route,St. Brelade,JE3 8BS,49.189827,-2.168792
El Gato Gordo,5,01/08/2024,Unit 11a,Liberty Wharf,St. Helier,JE2 3NY,49.182951,-2.107887
Dough Jersey,4,07/08/2024,90 Central Market,Halkett Place,St. Helier,JE2 4WL,49.185665,-2.110228
Burger Project,4,25/04/2024,,,,,,
Le Geyt Day Centre,4,15/04/2024,Le Geyt Centre,La Grande Route de St. Martin,St. Saviour,JE2 7GS,49.199905,-2.078274
1TREEFOODS,3,21/05/2025,,,,,,
Pretty Punchy,3,25/09/2024,,,,,,
Morrisons Daily-La Moye,3,20/11/2025,Links Hault,,St. Brelade,JE3 8GQ,49.193024,-2.199614
Morrisons Daily and Wine Warehouse - Snow Hill,3,05/01/2026,2 La Colomberie,Snow Hill,St. Helier,JE2 4QB,49.18349,-2.10298
Kaffe Kitchen,5,05/07/2024,15  La Rue Sinnatt,Rue Des Pres Trading Estate,St. Saviour,JE2 7QT,49.194897,-2.090318
Nicoleta's Home Cakes,5,26/03/2024,35  Burrard Street,,St. Helier,JE2 4WS,49.18613,-2.10596
Spice View,4,14/02/2025,Spice View,La Route de la Côte,St. Martin,JE3 6DR,49.206907,-2.022287
"Rozel Tea Room & Love Cake, Samares Manor",4,02/04/2024,Samares Manor,La Grande Route de St. Clément,St. Clement,JE2 6QW,49.167526,-2.080117
Sweet Humble Pies,4,07/11/2025,,,,,,
Moulin de Lecq,4,22/05/2024,Le Moulin de Lecq,Le Mont de la Greve de Lecq,St. Ouen,JE3 2DT,49.242504,-2.203671
Pablo's Jersey Ltd,5,28/05/2025,Unit 7 Horizon West,The Waterfront,St. Helier,JE2 3WF,49.185665,-2.110228
Andy's Artisan Bakery,5,08/04/2024,,,,,,
Downdog,2,12/05/2025,Cyril Le Marquand Court,,St. Helier,JE2 4SU,49.185665,-2.110228
Hoi Hoi Jersey (Mobile Unit),5,04/10/2024,,,,,,
Bella Italia / Bird Box,4,15/04/2025,Bella Italia,10  York Street,St. Helier,JE2 3RQ,49.185587,-2.109397
Occasions,5,18/07/2024,16 Les Quennevais Parade,La Route des Quennevais,St. Brelade,JE3 8FX,49.18316,-2.17599
Alma Sana Noursh,5,15/05/2025,,,,,,
Gustoso Pizzeria,3,22/09/2025,The Shop,9  Kensington Place,St. Helier,JE2 3PA,49.18844,-2.11251
Bar Basso & Catch Fish & Chips,2,02/12/2025,Unit 13b Liberty Wharf,La Route de la Libération,,JE2 3NY,49.183607,-2.112168
La Hougue Bie,5,29/04/2025,La Hougue Bie Museum,La Route de la Hougue Bie,Grouville,JE3 9HQ,49.202214,-2.053117
The Bagot Inn,5,24/02/2025,Georgetown Road,,St. Saviour,JE2 7PH,49.178826,-2.093266
The Adelphi Lounge,5,18/05/2021,The Parade,,St. Helier,JE2 3QP,49.187094,-2.110629
Maison St Brelade Care Home,5,07/02/2025,,Maison St. Brelade,St. Brelade,JE3 8FB,,
Acorn Cafe,4,21/03/2024,Acorn Enterprises Ltd,La Rue D'Asplet,Trinity,JE3 5JF,49.233709,-2.094006
"Mange Tout, International Finance Centre 5",3,01/08/2023,IFC 5,IFC Jersey,St. Helier,JE2 3BY,49.185665,-2.110228
Niche Events,5,23/05/2024,,,,,,
Hotel De France,5,10/04/2019,St. Saviours Road,,St. Saviour,JE1 7XP,49.18823,-2.097242
Trafalgar Inn,3,19/11/2018,La Rue du Crucquet,St. Aubin,JERSEY,JE3 8BR,49.301876,1.012524
Earl Granville,3,28/03/2019,Earl Granville,Charles Street,St. Helier,JE2 4SF,49.185469,-2.10137
The Bear,3,03/12/2025,The Bear Public House & Dining Room,36  King Street,St. Helier,JE2 4WF,49.18445,-2.10681
Gloster Vaults,5,25/07/2022,35 Gloucester Street,,St. Helier,JE2 3QR,49.186736,-2.112832
The New Park Hotel,4,19/02/2019,New Park Hotel,4,St. Helier,JE2 3PD,49.185665,-2.110228
The Spice House,5,23/07/2024,59-62 Central Market,Halkett Place,Jersey,JE2 4WL,49.21849,-2.14198
Pizzeria Romana,4,12/07/2024,17 Charing Cross,St. Helier,,JE2 3RP,49.185238,-2.109729
Quick Stop,5,21/05/2024,7 Charing Cross,St. Helier,,JE2 3RP,49.18514,-2.10925
Cheapside Butchers,3,19/07/2024,19 Cheapside,St. Helier,,JE2 3PG,49.18924,-2.11295
St. John's Inn,3,07/03/2024,La Rue De La Mare Ballam,St. John,,JE3 4EJ,49.240274,-2.137734
St. John's Parish Hall,5,24/10/2023,La Rue De La Mare Ballam,St. John,,JE3 4EJ,49.240274,-2.137734
Cafe Ouen,4,12/04/2024,Portinfer Farm,La Rue de la Porte,Jersey,JE3 2BN,39.119433,-90.327488
Unifare Stores,3,10/04/2024,Le Geyt Road,St. Saviour,,JE2 7NS,49.192846,-2.098538
Waitrose (Jersey) Ltd - St Helier,5,12/07/2022,La Vallée des Vaux,St. Helier,,JE2 3GA,49.194888,-2.101646
The Good Stone,4,31/05/2022,,,,,,
Centre Point Trust Playcare,3,09/12/2023,Le Hurel,La Pouquelaye,Jersey,JE2 3FU,43.865135,-85.37849
Jersey Aero Club,4,28/09/2023,L'Avenue de la Reine Elizabeth II,St. Peter,,JE3 7BP,49.206594,-2.187314
Jersey Hospice Care,4,31/10/2024,Clarkson House,Le Mont Cochon,Jersey,JE2 3JB,50.442049,5.597497
MFA Bowling,4,01/07/2025,Jersey Bowl,L'Avenue de la Reine Elizabeth II,Jersey,JE3 7BP,49.206594,-2.187314
The Old Bake House Cafe,4,29/07/2022,Le Mont Cochon,St. Helier,,JE2 3JA,49.185665,-2.110228
The Tenby,4,03/04/2024,Le Boulevard,St. Brelade,,JE3 8AB,49.186263,-2.169611
St Peter's Indoor Market,4,19/07/2025,Western Minature Rifle Club,Rue des Fosses,Jersey,JE3 7AH,49.211777,-2.182927
St Peter's Football Club,4,19/08/2022,La Rue des Vignes,St. Peter,,JE3 7BE,49.21283,-2.18372
World Duty Free,5,22/07/2022,States of Jersey Airport,L'Avenue de la Reine Elizabeth II,Jersey,JE3 7BP,49.206594,-2.187314
Co-Op Locale - Val Plaisant,5,29/07/2024,59 Val Plaisant,St. Helier,,JE2 4TB,49.19186,-2.10227
Co-Op Locale - Beaumont,5,25/05/2022,La Route De Beaumont,St. Peter,,JE1 1AS,49.21283,-2.18372
Centre Point Two,4,15/04/2024,St. Helier Day Nursery,Green Street,Jersey,JE2 4UH,39.119433,-90.327488
Co-Op Fresh Food Grande Marche,4,03/08/2025,La Rue de l'Église,St. Peter,,JE3 7AG,49.213038,-2.18341
Bethesda Methodist Church,5,31/10/2023,La Route du Moulin,St. Peter,,JE3 7FR,49.211369,-2.211038
La Petite Ecole 2,5,19/12/2022,47 St. Marks Road,St. Helier,,JE2 4LY,49.19043,-2.10049
Driftwood Cafe,4,01/08/2023,Archirondel,La Route de la Côte,Jersey,JE3 6DY,49.212394,-2.020904
Noya Shapla,4,05/06/2025,Natwest Bank,Charing Cross,Jersey,JE3 8AA,49.185157,-2.109372
Brig-y-Don House,3,05/07/2024,Brig-y-Don,La Grande Route de la Côte,Jersey,JE2 6FT,48.718906,10.778779
"The Gardener's Tearoom, Ransoms",4,03/02/2025,The Gardener's Tearoom,Ransoms Garden Centre,St. Martin,JE3 6UG,49.217728,-2.051631
The Lighthouse Beach Cafe,5,01/06/2022,La Mare Slipway,La Grande Route de la Côte,Jersey,JE2 6SB,51.34083,12.375101
Rhona's at the Beach,5,03/02/2025,La Montee des Greves Slipway,La Route de la Cote,St. Martin,,49.206907,-2.022287
Barkers Newsagents,3,29/07/2024,Barkers Newsagents,12 Val Plaisant,Jersey,JE2 4TA,49.191634,-2.102534
Superdrug,5,21/07/2023,Rutland House,76-78 King Street,St. Helier,JE2 4WE,49.184451,-2.106853
Bolero Bistro,4,11/01/2024,22 Rouge Bouillon,St. Helier,,JE2 3ZA,49.190204,-2.109891
Stuart Court Residential Home,5,12/04/2024,La Rue De Haut,St. Lawrence,,JE3 1JQ,49.200793,-2.142924
Woodlands Farm Butchers Ltd,4,15/01/2024,Woodlands Farm (Dairy),La Rue de Maupertuis,Jersey,JE2 3HG,49.168064,-2.081943
St Clement Sports Club (Football Pi),4,27/03/2024,St Clement Sports Club,La Grande Route de St. Clément,,,48.492226,9.211566
Aquadome Cascades,5,15/07/2025,Merton Leisure Club & Aquadome,Belvedere Hill,Jersey,JE2 7RP,49.21849,-2.14198
Cineworld,5,01/07/2022,Cineworld,La Rue De L'Etau,St. Helier,JE2 3WF,49.181852,-2.113789
Crabbe Clay Pigeon Club,5,24/02/2023,La Rue de Crabbé,St. Mary,,JE3 3AD,49.236404,-2.171625
Cargo Coffee at Santander Work Cafe,4,21/05/2024,13-15 Charing Cross,St. Helier,,JE2 3RP,49.185157,-2.109372
Entwhistle's Takeaway,5,02/04/2024,Entwhistles Takeaway,Gorey Village Main Road,Jersey,JE3 9EP,46.072593,-68.436359
Co-Op Locale - Pontac,5,05/09/2022,La Grande Route de la Côte,St. Clement,,JE2 6SE,49.167532,-2.063859
Finchy's,5,29/04/2022,,,,,,
Banjo,5,01/05/2024,8 Beresford Street,St. Helier,,JE1 5JP,49.185278,-2.103844
Just William,5,13/10/2022,93 Central Market,Halkett Place,Jersey,JE2 4WL,49.21849,-2.14198
The Jersey Tea Company Ltd,5,29/02/2024,,,,,,
Seawold Guest House,4,27/09/2022,La Route de la Haule,St. Peter,,JE3 7BA,49.21283,-2.18372
Stanley's Cafe & Holme Grown,5,17/02/2025,Fauvic Nurseries (Holme Grown),La Rue Au Long,Jersey,JE3 9SH,39.119433,-90.327488
"Busy Bees Nursery, Castle Quay",5,24/04/2024,Unit 10 Millais House,Castle Quay,St. Helier,JE2 3ED,49.185665,-2.110228
Le Hocq Shack,2,18/08/2025,,,,,,
Janvrin School,4,12/11/2024,Le Mont Cantel,St. Helier,,JE2 3ZQ,49.185665,-2.110228
Moita's Bistro,5,22/07/2024,23 Havre des Pas,St. Helier,,JE2 4UQ,49.176992,-2.102229
Noodle Box,3,01/07/2025,Unit,Jersey Bowl,St. Peter,JE3 7BP,49.21283,-2.18372
Temple Stores,4,15/10/2025,12 Stopford Road,St. Helier,,JE2 4LZ,49.18926,-2.10195
Jersey Lillie Tandoori,4,24/07/2024,Commercial Unit,Westlyn,St. Peter,JE3 7BR,38.792636,-90.595688
Mans Garden,2,29/01/2025,Man's Garden,Sandybrook Lane,St. Lawrence,JE3 1LJ,49.202179,-2.155597
Thyme Out (HCS Catering),4,25/02/2025,General Hospital,Gloucester Street,Jersey,JE2 3QR,43.865135,-85.37849
Victor Hugo Wines,5,12/02/2025,Longueville Business Centre,Longueville Road,St. Saviour,JE2 7SA,49.183385,-2.078407
Abilio's,4,04/03/2025,37a Gloucester Street,St. Helier,,JE2 3QR,49.186736,-2.112832
Co-Op Locale - Grouville,5,05/09/2022,Retail Unit,La Rue à Don,Jersey,JE3 9DX,49.188577,-2.040517
Timmy's Hard Rocque Cafe,4,21/02/2025,La Rocque Harbour,La Grande Route des Sablons,Grouville,JE3 9BB,49.176538,-2.032492
Mira Restaurant,3,03/05/2024,9-11 Burrard Street,St. Helier,,JE2 4WS,49.186037,-2.104783
The Terrace Cafe,5,20/07/2022,Ogier House,44 Esplanade,Jersey,JE4 9WB,49.184812,-2.112029
Fitness First Jersey,5,07/07/2025,The Waterfront,La Rue De L'Etau,Jersey,JE2 3WF,39.119433,-90.327488
Belmont Fish Bar,3,25/01/2025,16-18 Museum Street,St. Helier,,JE2 4SS,49.186352,-2.101523
The Bakery,3,13/05/2025,The Bakery,19 Les Quennevais Parade,St. Brelade,JE3 8FX,49.193037,-2.198995
Grand Jersey,5,04/03/2025,Hotel & Spa,Esplanade,Jersey,JE2 3QA,49.210345,-2.092171
Marks & Spencer - Liberty Wharf,5,06/10/2023,Liberty Wharf Food Hall,Liberty Wharf,St. Helier,JE2 3NY,49.185665,-2.110228
"R Fresh , Charing Cross",3,25/01/2025,12a Charing Cross,St. Helier,,JE2 3RP,49.18522,-2.10966
Highlands College Academy Restaurant,5,28/01/2025,Highlands College,Highlands Lane,St. Saviour,JE1 1HL,49.191614,-2.094016
Samphire,5,08/08/2023,7-11 Don Street,St. Helier,,JE2 4TQ,49.185444,-2.105404
LV Pharmacy,5,14/07/2023,24 Beresford Street,St. Helier,,JE2 4WN,49.185217,-2.103294
Dandy Coffee Shop,5,09/08/2024,,2 Colomberie Court,St. Helier,JE2 4QB,,
Bulls Catering,5,13/01/2024,Springfield Stadium,2 Janvrin Road,Jersey,JE2 4LF,49.19149,-2.09956
RNLI Jersey,5,22/02/2023,,,,,,
Deborah's Cakes,5,26/07/2024,,,,,,
Hotel de l'Etang,5,02/08/2024,33 Havre des Pas,St. Helier,,JE2 4UL,49.176992,-2.102229
Princes Bar,5,22/07/2022,6 Havre des Pas,St. Helier,,JE2 4UQ,49.17689,-2.10314
Clifton Residential Care Home,3,10/03/2025,Bagatelle Lane,St. Saviour,,JE2 7TD,49.189759,-2.090073
Ommaroo Hotel,5,31/01/2024,Havre des Pas,St. Helier,,JE2 4UL,49.178125,-2.101715
Marina Metro Hotel,3,20/06/2024,Havre des Pas,St. Helier,,JE2 4UL,49.178125,-2.101715
Prince of Wales,4,20/02/2023,8 Hilgrove Street,St. Helier,,JE2 4SL,49.184361,-2.10413
The Dog & Sausage,5,03/07/2024,9 Halkett Street,St. Helier,,JE2 4SL,49.18445,-2.10358
Supermarket Alliance (Halkett Street),5,15/01/2024,12 Halkett Street,St. Helier,,JE2 4WJ,49.18453,-2.10355
Dunells Premier Wines,5,28/07/2022,La Cave,37 Hill Street,Jersey,JE2 4UA,39.118519,-90.336891
Jersey Delight Ices,5,18/12/2021,,,,,,
Chateau La Chaire Hotel,2,02/10/2025,Chateau La Chaire Hotel,La Vallée de Rozel,St. Martin,JE3 6AJ,49.217728,-2.051631
The Rozel Bar and Dining,0,04/11/2025,La Vallée de Rozel,St. Martin,,JE3 6AJ,49.217728,-2.051631
Grouville Football Club,5,01/06/2023,La Rue du Boulivot,Grouville,,JE3 9UY,49.186255,-2.062365
St. Aubins Sports Bar,5,02/05/2025,St. Aubins Wine Bar,La Rue du Crocquet,Jersey,JE3 8BZ,49.189334,-2.169974
The Panorama,5,13/05/2022,Panorama Hotel,La Rue du Crocquet,Jersey,JE3 8BZ,43.865135,-85.37849
St. Magloire Guest House,4,10/06/2024,La Rue du Crocquet,St. Brelade,,JE3 8BZ,49.189334,-2.169974
Suma's,4,30/01/2024,Le Mont de Gouray,St. Martin,,JE3 6ET,49.217728,-2.051631
Prince of Wales Hotel,4,22/05/2024,Le Mont de la Greve de Lecq,St. Ouen,,JE3 2DT,49.242504,-2.203671
Newgate Street Newsagents,3,04/04/2025,3 Newgate Street,St. Helier,,JE2 3QU,49.187029,-2.113112
"Ocean Restaurant, Atlantic Hotel",5,20/02/2025,Le Mont de la Pulente,St. Brelade,,JE3 8HE,49.188155,-2.228531
Turkish Delight,4,24/07/2024,Takeaway,17 Mulcaster Street,Jersey,JE2 3NJ,49.183115,-2.106983
Greenhills Country House Hotel,5,01/05/2025,Greenhills Country Hotel & Restauran,Le Mont de L'Ecole,Jersey,JE3 7EL,39.119433,-90.327488
The Chilli Kitchen,5,12/06/2025,,,,,,
Chambers,5,20/06/2025,5 Mulcaster Street,St. Helier,,JE2 3NJ,49.183115,-2.106983
Abbeyfield House,3,16/10/2024,Nelson Avenue,St. Helier,,JE2 4PD,49.178599,-2.099425
Cocorico (Events),4,04/05/2024,,,,,,
Seaweed & Sand,5,23/03/2023,,,,,,
Thai Chinese Park House Restaurant,3,08/04/2025,1 Colomberie Parade,La Colomberie,Jersey,JE2 4QA,44.77544,-78.77686
Pomme d'Or Hotel,5,14/04/2025,Weighbridge,St. Helier,,JE2 3NF,49.185665,-2.110228
Jersey Post Canteen,5,30/05/2022,Sorting Office,Jersey Postal Headquarters,St. Saviour,JE1 1AA,49.194897,-2.090318
St. Paul's Centre,5,15/03/2024,St. Pauls Centre,St. Pauls Gate,St. Helier,JE2 3RL,49.185665,-2.110228
The Cabana,3,31/07/2024,11-11a Waterloo Street,St. Helier,,JE2 4WT,49.185226,-2.104861
The Lido,5,25/07/2025,Havre des Pas Bathing Pool,Havre des Pas,St. Helier,,49.176919,-2.102792
Vinifera,5,28/06/2024,4 Broad Street,St. Helier,,JE2 3RR,49.184035,-2.107455
General Hospital (HCS Catering),4,04/09/2025,Gloucester Street,St. Helier,,JE2 3QR,49.187144,-2.111804
The Spice of Life,5,15/02/2024,12 Sand Street,St. Helier,,JE2 3QF,49.18542,-2.11031
Fox & Thistle,5,27/08/2021,14½,Queen Street,Jersey,JE2 4WD,43.865135,-85.37849
Liberation Square Kiosk,4,21/08/2023,,,,,,
El Tico Cafe,4,04/04/2024,La Grande Route Des Mielles,St. Peter,,JE3 7FN,49.214849,-2.224828
Co-Op Locale - Colomberie,5,26/07/2024,22 La Colomberie,St. Helier,,JE2 4QB,49.183,-2.10194
Roseville Bistro,5,19/07/2025,86 Roseville Street,St. Helier,,JE2 4PL,49.178323,-2.101037
Sprigs Cafe,4,08/09/2022,Jersey Lavender Limited,La Rue du Pont Marquet,Jersey,JE3 8DS,39.119433,-90.327488
Charlie Farley's Kitchen,5,26/06/2025,Jack Falle Community Centre,Gordon Le Breton Close,St. Saviour,JE2 7PY,49.180342,-2.086771
St Andrew's Community Centre,5,03/10/2019,St. Andrews Church,Le Mont Cochon,Jersey,JE2 3JA,49.200905,-2.129541
Jersey Spartan Clubhouse,4,27/07/2022,La Grande Route de St. Clément,St. Clement,,JE2 6QN,49.173637,-2.056212
The Tiki Hut,4,26/07/2022,10 Wharf Street,St. Helier,,JE2 3NR,49.182951,-2.107887
Bouley Bay Beach Cafe,4,10/07/2024,Les Charrières de Boulay,Trinity,,JE3 5AS,49.237314,-2.085199
Molloy's Market Fruit & Veg Ltd,5,13/07/2023,114-116 Central Market,Halkett Place,Jersey,JE2 4WL,39.119433,-90.327488
"Cafe Connect, Highlands College",5,11/02/2025,Highlands College,College HIll,St. Saviour,JE4 9QA,49.194897,-2.090318
Highlands Care Home,5,28/05/2024,La Rue Du Froid Vent,St Saviour,St. Saviour,JE2 7LJ,49.192936,-2.089218
Donnas Cake Decorating Supplies,5,14/02/2024,56-58 Central Market,Halkett Place,Jersey,JE2 4WL,49.21849,-2.14198
Shuga Coffee,3,22/07/2024,Eaton House,Seaton Place,Jersey,JE2 3QY,39.119433,-90.327488
Next,5,02/06/2022,46 - 49,King Street,Jersey,JE4 8NN,43.865135,-85.37849
The Sheep Shed,5,14/03/2024,,,,,,
Donut Worry Be Happy,5,03/11/2022,,,,,,
Lady LaLa Ice Cream Bicycle,4,08/04/2025,,,,,,
The Boundary,4,10/01/2024,Grainville Pavillion,Grainville Playing Fields,St. Saviour,JE2 7LG,49.194897,-2.090318
Rouge Bouillon Primary School,5,19/06/2025,Brighton Road,St. Helier,,,49.192407,-2.106488
Fieldview,5,11/03/2024,La Grande Route de St. Martin,St. Saviour,,JE2 7GS,49.199905,-2.078274
Fuel 2 Go Limited,4,26/02/2024,,,,,,
St. Peter's Garden Centre,5,12/03/2024,St. Peters Garden Centre,L'Avenue de la Reine Elizabeth II,St. Peter,JE3 7BP,49.206594,-2.187314
Nana's Bakes,5,02/02/2024,,,,,,
United Club,4,23/07/2024,Church Street,St. Helier,,JE2 3NN,49.183659,-2.106247
Homefields Farm Shop,5,30/05/2022,La Grande Route de St. Clément,St. Clement,,JE2 6QQ,49.173637,-2.056212
Le Hocq Bar & Restaurant,4,31/10/2023,La Grande Route de la Côte,St. Clement,,JE2 6FP,49.167532,-2.063859
Hotel Ambassadeur,4,29/03/2023,La Grande Route de la Côte,St. Clement,,JE2 6SB,49.167532,-2.063859
"Isabella's Restaurant, Union Inn",4,09/04/2025,The Union Inn,La Grande Route De St. Jean,Jersey,JE2 3FL,49.246555,-2.134973
Pontac House hotel,4,10/09/2024,La Grande Route de la Côte,St. Clement,,JE2 6SE,49.167532,-2.063859
Mont a l'Abbe School,5,13/05/2025,La Grande Route De St. Jean,St. Helier,,JE2 3FN,49.239622,-2.111377
Hotel Chocolat,5,18/06/2024,26 Queen Street,,St. Helier,JE2 4WD,49.183901,-2.103631
Thalatta Guest House,3,31/07/2024,29-31 Cleveland Road,St. Helier,,JE2 4PB,49.17898,-2.099738
Rozel Camp Park,5,18/08/2022,La Grande Route de Rozel,St. Martin,,JE3 6AX,49.217728,-2.051631
Alliance Club,4,31/05/2025,8 Bond Street,St. Helier,,JE2 3NP,49.18371,-2.10736
The Bouncing Brew,3,19/06/2023,,,,,,
Roberts Garage - Springfield,4,01/07/2024,Roberts,Springfield Road,Jersey,JE2 4LE,40.701952,-74.320072
Rouge Bouillon School (Ace of Clubs),3,24/04/2023,Rouge Bouillon School & Nursery,Brighton Road,Jersey,JE2 3YN,38.991504,-90.21674
St. Lawrence Parish Hall,5,17/02/2023,La Grande Route de St. Laurent,St. Lawrence,,JE3 1NG,49.214912,-2.141689
The Taste,4,28/06/2024,16 Broad Street,St. Helier,,JE2 3RR,49.18432,-2.10786
Columbus Street Corner Shop,5,02/08/2022,10 Columbus Street,St. Helier,,JE2 3YL,49.1904,-2.10671
Club Carrefour,5,22/01/2024,La Grande Route de St. Laurent,St. Lawrence,,JE3 1NH,49.214912,-2.141689
Le Rocquier School,4,18/06/2024,La Grande Route de St. Clément,St. Clement,,JE2 6QP,49.173637,-2.056212
Robeline Cider - Event Catering,5,13/09/2023,,,,,,
Le Braye Cafe,5,16/04/2025,La Grande Route Des Mielles,St. Brelade,,JE3 8FN,49.214849,-2.224828
Jersey Pearl & Cafe,5,15/02/2024,La Grande Route des Mielles,St. Ouen,,JE3 2FN,49.214849,-2.224828
Watersplash Beach Bar & Diner,5,18/04/2025,La Grande Route Des Mielles,St. Peter,,JE3 7FN,49.214849,-2.224828
Green Island Restaurant,3,05/07/2024,La Rue de Samarès,St. Clement,,JE2 6LY,49.173637,-2.056212
The Priory Inn,4,22/05/2024,La Grande Rue,St. Mary,,JE3 3BD,49.236404,-2.171625
Bacchus Wine Bar,5,26/06/2025,44 La Motte Street,St. Helier,,JE2 4SZ,49.18391,-2.10008
La Haule Manor Hotel,4,30/09/2024,La Neuve Route,St. Brelade,,JE3 8BS,49.189827,-2.168792
St. Brelade's Parish Hall,4,29/09/2023,La Neuve Route,St. Brelade,,JE3 8BS,49.189827,-2.168792
Liberation Quality Drinks,5,21/11/2023,Victor Hugo Wines,Longueville Road,Jersey,JE2 7SA,49.183385,-2.078407
Longueville Manor Hotel & Restaurant,5,17/07/2024,Longueville Road,St. Saviour,,JE2 7WF,49.183385,-2.078407
The Prime Fry,4,02/08/2022,The Prime Fry,37 Trinity Road,Jersey,JE2 4NH,51.78469,-0.04118
Salty Dog Restaurant,5,31/01/2025,Le Boulevard,St. Brelade,,JE3 8AB,49.186263,-2.169611
Hotel Sandranne,5,21/07/2025,Hotel Sandranne,20 Rouge Bouillon,Jersey,JE2 3ZA,49.189997,-2.110137
Robin Hood Inn,5,02/08/2022,The Robin Hood,Trinity Road,Jersey,JE2 4NH,49.234493,-2.092927
Hotel Savoy and Yasei,4,13/07/2022,37 Rouge Bouillon,St. Helier,,JE2 3ZA,49.191394,-2.109277
Royal Jersey Golf Club,4,21/05/2024,Le Chemin au Greves,Grouville,,JE3 9BD,49.184812,-2.037443
The Oxford,4,17/04/2025,6 Union Street,St. Helier,,JE2 3RF,49.18621,-2.10649
Chloe Bowler,5,09/02/2023,,,,,,
"Casa Paco, La Folie Harbour",4,08/04/2025,,,,,,
Fin and Feather,5,03/02/2023,27-28 Beresford Market,Beresford Street,Jersey,JE2 4WX,49.185277,-2.103836
Gorey Youth Project,5,01/05/2018,Gorey Youth Club,Hilgrove Variety Youth Centre,Grouville,JE3 9EB,49.200801,-2.092713
Norfolk Lodge Hotel,5,25/06/2025,Norfolk Lodge Hotel,57 Rouge Bouillon,Jersey,JE2 3ZB,49.192778,-2.107506
The Peirson,4,11/06/2025,17 Royal Square,St. Helier,,JE2 4WA,49.185665,-2.110228
Cock & Bottle Public House,5,06/06/2025,18-19 Royal Square,St. Helier,,JE2 4WA,49.185665,-2.110228
Age Concern (Events),5,16/12/2022,,,,,,
The Salvation Army Community Cafe,5,26/07/2022,The Salvation Army Hall,Minden Street,Jersey,JE2 4WR,39.127655,-90.324523
Silkworth,4,30/05/2024,Silkworth,6 Vauxhall Street,Jersey,JE2 4TJ,49.18785,-2.10496
Merton Hotel,5,15/07/2025,Belvedere Hill,St. Saviour,,JE2 7RX,49.179903,-2.093114
Falles Service Station,3,06/10/2025,Service Station,Longueville Road,Jersey,JE1 1BP,49.183385,-2.078407
Silver Star Community Playgroup,5,07/12/2022,St Marys Youth Community Centre,La Rue du Pont,Jersey,JE3 3AS,49.167499,-2.033118
Grouville Parish Church,4,28/11/2023,La Rue à Don,Grouville,,JE3 9GB,49.188577,-2.040517
St Ewolds Residential Home,5,09/07/2024,Balmoral Drive,St. Helier,,JE2 4NJ,49.196097,-2.099413
St. Brelade Bowls Club,5,06/10/2025,St. Brelade Bowls Club,Les Quennevais Sports Centre,St. Brelade,JE3 8GW,49.193024,-2.199614
Kelly's Cakes,5,11/12/2023,,,,,,
Samantha Boon Wedding Cake Design,5,07/03/2024,,,,,,
New Look,5,21/07/2022,New Look,6  King Street,St. Helier,JE2 4WF,49.1842,-2.10535
National Trust for Jersey,5,26/07/2022,16 New Street,St. Helier,,JE2 3TE,49.186138,-2.10609
Marks & Spencer - St John,5,22/05/2024,La Route des Issues,St. John,,JE3 4FA,49.243149,-2.127296
Love Bird Too Ltd,5,08/09/2022,Jersey War Tunnels,Les Charrières Malorey,Jersey,JE3 1FU,49.212651,-2.153597
Portelet Bay Cafe,4,08/07/2024,Portelet Bay,La Rue Voisin,Jersey,JE3 8AU,39.119433,-90.327488
The Kitchen Cupboard,5,07/08/2023,12½,Charing Cross,Jersey,JE2 3RP,43.865135,-85.37849
Move on Cafe,4,31/07/2024,Old Harbour Offices,La Route de la Libération,Jersey,JE2 3NY,51.34083,12.375101
La Fregate & Thai by Night,3,25/02/2025,Les Jardin de la Mer,Esplanade,Jersey,JE2 4ZT,39.119433,-90.327488
The Old Courthouse Inn,4,30/01/2024,Restaurant,Le Boulevard,Jersey,JE3 8AB,49.186263,-2.169611
Tilleys,4,22/08/2022,Beuvelande Camp Site,La Rue de Beuvelande,Jersey,JE3 6EZ,49.210847,-2.043882
Market Juice Bar,4,20/07/2022,91 Central Market,Halkett Place,Jersey,JE2 4WL,49.21849,-2.14198
Roast Bistro,4,05/01/2023,28 Sand Street,St. Helier,,,49.18566,-2.11093
Dandy,3,29/01/2025,Unit 2,Conway House,St. Helier,JE2 3NT,49.185665,-2.110228
Polo Market,4,31/08/2023,31 Devonshire Place,St. Helier,,JE2 3RD,49.1871,-2.1079
Candyfloss,4,04/09/2023,,,,,,
The Arches - St. Catherine's,5,21/05/2024,,,,,,
Simple Simon's,4,14/02/2024,4 Charing Cross,St. Helier,,JE2 3RP,49.185027,-2.108923
Colleen's Cafe,5,15/07/2025,Commercial Premises,La Greve de Lecq,Jersey,JE3 2DL,49.248716,-2.20353
Fast and Tasty Food,4,28/02/2024,,,,,,
The Old England,4,05/08/2022,10 Cheapside,St. Helier,,JE2 3PG,49.18888,-2.1125
The Potato Shack,5,13/03/2025,Woodlands Fram,La Rue de Maupertuis,Jersey,JE2 3HG,51.34083,12.375101
Casa Paco,3,24/07/2025,38-41 Central Market,Halkett Place,Jersey,JE2 4WL,49.21849,-2.14198
Clubhouse Bar & Eatery,5,22/03/2023,Jersey Hockey Clubhouse,La Route des Quennevais,Jersey,JE3 8LZ,49.193048,-2.199306
Valley Foods (Caring Cooks),4,24/06/2024,Valley Foods,La Rue de la Solitude,Jersey,JE3 6DF,39.119433,-90.327488
AHA Cafe Lounge and Restaurant,5,05/06/2024,Howard Davis Park,St Clements Road,Jersey,JE2 7PD,39.119433,-90.327488
Premier Inn (Bath Street),5,16/02/2024,92 Bath Street,St. Helier,,JE2 4SU,49.18713,-2.1025
Little Squirrels Nursery,5,15/12/2022,La Route de la Haule,St. Peter,Jersey,JE3 7BA,49.21283,-2.18372
St Joseph's Care Home,5,04/03/2025,Care Home,St. Johns Road,Jersey,JE2 4XZ,39.119433,-90.327488
The Waffle Wagon,5,14/02/2025,,,,,,
The Beach Club,5,19/03/2025,Le Mont Sohier,St. Brelade,,JE3 8EA,49.184566,-2.190593
Belle's Bites,5,03/09/2021,,,,,,
Binney & Boarder,3,22/09/2025,,,,,,
La Croix Guest House,5,10/06/2024,La Rue de la Croix,St. Ouen,,JE3 2HA,49.23351,-2.202041
Jersey Kitchen at The Windmill,4,12/04/2023,The Windmill,Les Chenolles,Jersey,JE3 7DW,49.243123,-2.136431
La Boutique Normande,5,26/01/2023,71 Halkett Place,St. Helier,,JE2 4WG,49.186017,-2.104358
Trinity School,4,29/02/2024,Trinity School,La Route de la Trinité,Jersey,JE3 5JP,49.234493,-2.092927
Waitrose (Cafe),5,29/09/2022,La Route Orange,St. Brelade,,JE3 8NG,49.188669,-2.21175
Jersey Gaming Hub,5,25/07/2023,6 The Parade,St. Helier,,JE2 3QP,49.1869,-2.11047
Café Louise,4,06/07/2023,Gorey Pier,St. Martin,,JE3 6EW,49.199398,-2.020463
The Mary Rose,5,05/10/2023,18 Mulcaster Street,St. Helier,,JE2 3NJ,49.183115,-2.106983
The Boat House & The Anchor Club,3,13/05/2025,1 North Quay,La Neuve Route,Jersey,JE3 8BS,30.937499,-92.305998
The Paddock & Tipsy Camper,5,30/09/2023,,,,,,
Boucher du Nord,5,29/04/2025,Temple Court,La Rue du Temple,Jersey,JE3 4BJ,49.246451,-2.138041
Belvedere Leisure Shop,5,25/10/2023,Merton Leisure Club & Aquadome,Belvedere Hill,Jersey,JE2 7RP,49.21849,-2.14198
Thyme Out West (HCS Catering),4,22/01/2024,Enid Quenault House,Les Quennevais Park,St. Brelade,JE3 8JW,49.192715,-2.202559
Part in the Frame,5,02/10/2023,19  Commercial Buildings,,St. Helier,JE2 3NB,49.18052,-2.1089
St. John's Village Cafe,5,26/04/2024,3 Temple Court,La Rue du Temple,Jersey,JE3 4BJ,39.119433,-90.327488
Avoca Villa Guest House,5,15/08/2022,Avoca Villa Guest House,92 Great Union Road,Jersey,JE2 3WA,49.19037,-2.10842
The Royal British Legion,5,31/05/2024,Great Union Street,St. Helier,,JE2 3YD,49.187453,-2.106376
Maison La Corderie,5,21/02/2025,Green Street,St. Helier,,JE2 4UG,49.178722,-2.104437
Forum Wine Bar,5,25/09/2023,Ground Floor,13 Grenville Street,Jersey,JE2 4UF,49.18192,-2.10206
Roberts Garage - St Clement,3,20/03/2025,La Grève d'Azette,St. Clement,,JE2 6PT,49.173637,-2.056212
Rice Bowl Restaurant,3,23/04/2025,La Grève d'Azette,St. Clement,,JE2 6PX,49.173637,-2.056212
The Halkett,5,16/07/2025,53 Halkett Place,St. Helier,,JE2 4WG,49.185971,-2.104371
Cooper & Co,4,26/07/2024,57  Halkett Place,,St. Helier,JE2 4WG,49.185989,-2.104366
Awabi,4,01/07/2025,63 Halket Place,St. Helier,,,49.18572,-2.10435
Bay Stores,3,29/07/2024,Weston Villas,La Route de St. Aubin,Jersey,JE2 3SF,49.198121,-2.147153
Sun Bowls Club,4,02/08/2022,La Route ès Nouaux,St. Helier,,JE2 4ZJ,49.195207,-2.12536
La Moye Golf Club,5,22/05/2024,La Route Orange,St. Brelade,,JE3 8GQ,49.188669,-2.21175
Acorn Nursery,5,08/05/2025,Le Hurel,La Rue du Tas de Geon,Jersey,JE3 5AN,51.34083,12.375101
Midland Stores (1987) Ltd,3,22/09/2025,La Rue du Trot,St. Saviour,,JE2 7JQ,49.20793,-2.066015
Beachcombers Hotel,2,12/02/2025,Beachcombers Hotel,La Rue à Don,Grouville,JE3 9GB,49.188577,-2.040517
Rozel Rovers Football Club,5,21/02/2023,La Route de St. Jean,St. Lawrence,,JE3 1ND,49.239622,-2.111377
Trinity Arms Public House,4,11/03/2024,La Rue ès Picots,Trinity,,JE3 5JX,49.232969,-2.086812
Lavender Villa Residential Ltd,5,03/03/2025,Lavender Villa Residential Home,La Rue à Don,Jersey,JE3 9DX,49.188577,-2.040517
Hollies Day Care Centre (HCS Catering),5,27/02/2025,La Rue Hilgrove,Grouville,,JE3 9EZ,49.19781,-2.032303
Mr Churros,4,15/05/2024,,,,,,
Five Oaks Inn,5,05/12/2023,La Rue à la Dame,St. Saviour,,JE2 7NH,49.202273,-2.085331
H.M. Prison La Moye,5,01/03/2023,La Rue Baal,St. Brelade,,JE3 8HQ,49.179905,-2.218703
The Village Tearoom,5,10/04/2024,St Peters Youth & Community Centre,Rue des Fosses,Jersey,JE3 7AH,49.211777,-2.182927
Samares Primary School,4,25/09/2023,School Road,St. Clement,,JE2 6TG,49.169796,-2.084149
Glanville Residential Home,5,19/07/2024,70-74 St. Marks Road,St. Saviour,,JE2 7LD,49.190451,-2.100316
Longfield Villa Care Home,5,04/06/2024,La Rue du Bocage,St. Peter,,JE3 7AS,49.21283,-2.18372
Springfield Primary School,5,24/01/2025,St. Marks Road,St. Saviour,,JE2 7LD,49.190451,-2.100316
Grainville Tennis Club,5,22/02/2023,,,,,,
Eastern Good Companions Club,5,30/04/2025,Rue du Maupertuis,St. Clement,,JE2 6NG,49.168064,-2.081943
St. Saviours Bowling Club,5,20/06/2022,St. Saviours Hill,St. Saviour,,JE2 7LG,49.194944,-2.090842
Bowlers Rest,5,06/05/2025,Jersey Indoor Bowling,St. Saviours Hill,Jersey,JE2 7XB,49.194944,-2.090842
The Admiral,5,26/07/2022,12-14 St. James Street,St. Helier,,JE2 3QZ,49.183256,-2.100232
Big J Take Away,3,24/01/2024,30 Sand Street,St. Helier,,JE2 3QF,49.18576,-2.1112
FCJ Primary School,5,30/10/2023,F C J School,La Rue de Deloraine,Jersey,JE2 7XB,39.119433,-90.327488
James St Newsagents,3,26/11/2024,4 St. James Street,St. Helier,,JE2 3QZ,49.18375,-2.10011
Le Squez Youth Project,4,11/01/2024,School Road,St. Clement,,JE2 6TG,49.169796,-2.084149
Jack and Diana's Food Stall,3,10/06/2023,,,,,,
Laneez Surf Centre,5,05/06/2023,The Surf Shack,La Grande Route Des Mielles,Jersey,JE3 7FN,49.214849,-2.224828
Rosedale Stores,4,31/10/2023,Gorey Village Main Road,Grouville,,JE3 9FX,49.195959,-2.03384
Westhill Country Club Limited T/a Westhill Country Hotel,3,24/07/2025,Westhill Country Hotel,West Hill,St. Helier,JE2 3HB,49.198583,-2.119622
The Sir George Carteret,4,28/06/2024,Public House,La Petite Rue de l'Église,Jersey,JE3 7AF,49.213038,-2.18341
Co-Op Locale - Quennevais,5,18/04/2025,La Route des Quennevais,St. Brelade,,JE3 8LL,49.193048,-2.199306
The Thai Dicq Shack,3,15/09/2022,The Dicq Slip,St Clements Road,Jersey,JE2 7PD,39.119433,-90.327488
Westmount Day Nursery,5,29/07/2024,Westmount Road,St. Helier,,JE2 3LP,49.19155,-2.116394
Tori's Treasures,5,03/07/2025,,,,,,
New Rainbow,4,20/10/2022,Rainbow Chinese Takeaway,16 Belmont Road,Jersey,JE2 4SA,43.865135,-85.37849
Jersey Bowling Club,5,24/02/2023,Westmount Road,St. Helier,,JE2 3LP,49.19155,-2.116394
Bistro Rosa,4,29/04/2025,19-22 Beresford Market,Beresford Street,Jersey,JE2 4WX,49.185277,-2.103836
The Kids Club,4,03/03/2023,St. Mary Youth & Community Centre,La Rue du Pont,Jersey,JE3 3AS,49.167499,-2.033118
Restaurant Do Porto,3,28/07/2022,Restaurant Do Porto,2-3 Minden Street,Jersey,JE2 4WR,39.127655,-90.324523
La Baguette Chaude (Bruno's),4,30/06/2025,La Baguette Chaude,5 York Street,Jersey,JE2 3RQ,51.38307,-0.16021
La Taverne Restaurant,4,25/09/2023,La Taverne Restaurant,6 York Street,Jersey,JE2 3RQ,43.865135,-85.37849
Alister Guest House,4,13/12/2022,3 Clarendon Road,St. Helier,,JE2 3YS,49.19164,-2.10343
Robin Hood Take Away,2,23/07/2025,Robin Hood Take Away,10 Union Street,Jersey,JE2 3RF,39.119433,-90.327488
Cleveland Stores,5,30/05/2022,2-3 Dicq Corner,St Clements Road,Jersey,JE2 4PX,43.865135,-85.37849
Cafe @ the Centre,5,10/07/2024,St Helier Methodist Church,Halkett Place,Jersey,JE2 4WH,49.18573,-2.104436
Eastern Delights,5,27/09/2023,4 Minden Place,St. Helier,,JE2 4WQ,49.185665,-2.110228
Radisson Blu Waterfront Hotel,5,17/03/2025,Waterfront,La Rue De L'Etau,Jersey,JE2 3WF,39.119433,-90.327488
Pizzeria Famosa Limited,3,17/07/2024,39-41 La Colomberie,St. Helier,,JE2 4QB,49.182203,-2.101044
Cafe Jac,4,15/03/2024,Cafe,Jersey Arts Centre,St. Helier,JE2 4SW,49.185665,-2.110228
Jersey Squash and Racketball Club,3,21/12/2023,Jersey Recreation Grounds,Plat Douet Road,Jersey,JE2 6PN,43.865135,-85.37849
RJA & HS,5,27/10/2022,Agriculture Department,La Route de la Trinité,Jersey,JE3 5JP,49.234493,-2.092927
Will Gorman Catering & Private Dining,5,10/06/2025,,,,,,
The Brasserie by Tiffin,3,04/03/2025,46-52 King Street,St. Helier,,JE4 8NN,49.184451,-2.106853
First Stop Coffee Shop & Restaurant,3,01/08/2024,Maison du Coin,Cheapside,St. Helier,JE2 3PG,49.185665,-2.110228
Cafe Spice,4,16/07/2024,Cafe Spice,53 Kensington Place,Jersey,JE2 3PA,43.865135,-85.37849
D'Auvergne School,3,01/03/2023,D'Auvergne School,La Pouquelaye,Jersey,JE2 3GF,43.865135,-85.37849
Jessindy Cafe,4,18/07/2024,3 Peter Street,St. Helier,,JE2 4SP,49.18512,-2.10221
Crab Shack,5,10/04/2024,St Brelade's Bay,La Route de la Baie,Jersey,JE3 8EF,39.119433,-90.327488
Cafe Firefly @ Durrell,5,07/02/2025,Augres Manor,La Profonde Rue,Jersey,JE3 5BP,49.230414,-2.074973
Army Camp Training Centre (TA),5,04/11/2022,Les Quesne Barracks,Mount Bingham,Jersey,JE2 4XY,49.176008,-2.107736
The Fresh Crust Pizza Company,3,30/07/2024,49 La Colomberie,St. Helier,,JE2 4QA,49.18188,-2.10039
Cafe Dodo @ Durrell,5,07/02/2025,Augres Manor,La Profonde Rue,Jersey,JE3 5BP,49.230414,-2.074973
Little Oaks Nursery,5,08/05/2025,Highlands College,La Rue du Froid Vent,St. Saviour,JE4 8QJ,49.192936,-2.089218
Co-Op Locale - Don Street,5,14/07/2023,57 Don Street,St. Helier,,JE2 4TR,49.18651,-2.10502
Cooper & Co,5,09/06/2025,Millais House,Castle Quay,St. Helier,JE2 3WF,49.185665,-2.110228
Supermarket Alliance Ltd,5,07/08/2023,6 & 8,Sand Street,Jersey,JE2 3QF,43.865135,-85.37849
The Club Hotel & Spa & Bohemia,5,14/02/2024,Green Street,St. Helier,,JE2 4UH,49.178722,-2.104437
Horse & Hound,5,04/07/2025,Public House,La Route des Quennevais,Jersey,JE3 8LL,49.193048,-2.199306
The Fresh Fish Company,4,31/07/2024,Shop,Victoria Pier,Jersey,JE2 2WS,49.210345,-2.092171
"Alfresco Events & Bars, Pimms Pod",5,07/04/2021,,,,,,
The Tamariki Club (After School),5,09/01/2023,De la Salle College,Wellington Road,Jersey,JE2 7TH,40.852626,-74.115653
Bonne Nuit Beach Cafe,3,17/07/2025,Cafe,Les Charrières de Bonne Nuit,Jersey,JE3 4DD,39.119433,-90.327488
Pizza Quarter,4,30/09/2022,Commercial Premises,Le Mont de Gouray,Jersey,JE3 6ET,51.133481,10.018343
The Kings Bar,5,11/06/2024,14 Bond Street,St. Helier,,JE2 3NP,49.183866,-2.107524
Partners Restaurant,2,11/02/2025,Recreational Grounds,Plat Douet Road,Jersey,JE2 6PN,43.865135,-85.37849
Samares Stores,5,03/07/2025,La Grande Route de St. Clément,St. Clement,,JE2 6QN,49.173637,-2.056212
Locke's Cafe,4,11/07/2024,4 & 6,Pitt Street,Jersey,JE2  3RZ,39.119433,-90.327488
Princess Garden,4,03/07/2024,58 Halkett Place,St. Helier,,JE2 4WG,49.185994,-2.104364
Babs Bakes,5,20/06/2025,,,,,,
Dorset Street Stores,5,12/06/2025,15a Dorset Street,St. Helier,,JE2 3YH,49.1899,-2.10634
Thai Smile,3,02/07/2023,36 La Colomberie,St. Helier,,JE2 4QB,49.18255,-2.10144
Funky flower cakes,5,05/08/2024,,,,,,
Supermarket Alliance (Broad Street),5,11/06/2024,11 Broad Street,St. Helier,,JE2 3RR,49.18406,-2.10751
Charrien Stores,4,16/07/2024,La Route de la Baie,St. Brelade,,JE3 8EF,49.18529,-2.20083
Les Ormes Brasserie,4,28/09/2023,Les Ormes,Le Mont a la Brune,Jersey,JE3 8FL,39.119433,-90.327488
Freedom Centre,5,23/02/2023,Bath Street,St. Helier,,JE2 4SU,49.185462,-2.102357
The Organic Shop,4,15/03/2024,68-70 Stopford Road,St. Helier,,JE2 4LZ,49.189557,-2.099916
Midbay Stores,4,10/05/2022,Shop,La Route de la Baie,Jersey,JE3 8EF,39.119433,-90.327488
Supermarket Alliance (St. Ouen),4,19/05/2022,Tesco/Alliance,La Grande Route de St. Ouen,Jersey,JE3 2HY,49.232253,-2.202159
Sam's Restaurant and Coffee Shop,3,27/03/2025,1-6 Beresford Street,St. Helier,,JE2 4WN,49.18536,-2.10439
Co-Op Locale - Charing Cross,5,19/03/2024,27 Charing Cross,St. Helier,,JE2 3RP,49.185238,-2.109729
Woodbine Corner Stores,5,21/03/2024,Retail Shop,La Route de Noirmont,Jersey,JE3 8AJ,39.119433,-90.327488
Just Bee Healthy,3,08/02/2024,,,,,,
Rabbit Hole,5,11/07/2024,Albatross Ltd,Market Street,Jersey,JE2 4WT,39.046904,-90.132336
Stars Noodle Bar,4,09/10/2023,23-24 Central Market,Halkett Place,Jersey,JE2 4WL,49.21849,-2.14198
Brunch Cafe,3,13/03/2025,St John's Recreation Centre,La Route du Mont Mado,Jersey,JE3 4DS,39.119433,-90.327488
Luxury Jersey Ice Cream,5,30/05/2023,,,,,,
Mano's Bistro,3,11/04/2025,5/6 Wests Centre,Bath Street,Jersey,JE2 4ST,39.119433,-90.327488
Relish Delicatessen,5,09/10/2023,10-12 Central Market,Halkett Place,Jersey,JE2 4WL,49.21849,-2.14198
Pretty Baked,5,20/06/2025,,,,,,
Le Rocquier School (Flourish),4,18/06/2024,Le Rocquier School,La Grande Route de St. Clément,Jersey,JE2 6QP,52.131589,11.639961
Sip n' Snack Cafe,4,11/04/2024,13 Cheapside,St. Helier,,JE2 3PG,49.18909,-2.11277
Nutrigums Limited,5,08/12/2023,Suite 13,Bourne House,St. Helier,JE2 4QE,49.185665,-2.110228
Memory Maker,5,06/03/2023,,,,,,
CAKEMUSE,4,30/01/2023,,,,,,
Chocadyllic,5,21/06/2025,,,,,,
Ceri's Cakes,5,09/07/2025,,,,,,
Crumbtious,5,20/06/2025,,,,,,
The Waffle House,5,04/07/2025,2 Broad Street,St. Helier,,JE2 3RR,49.184035,-2.107455
Blacks,5,04/08/2023,29-31 King Street,St. Helier,,JE2 4WF,49.184451,-2.106853
Wise Owl Cafe,5,03/06/2025,16 York Street,St. Helier,,JE2 3RQ,49.18594,-2.10953
Melting Pot,5,01/05/2025,6 Caledonia Place,St. Helier,,JE2 3NG,49.18211,-2.1079
The Oche Club,3,24/04/2025,Ce Soir,10  Caledonia Place,St. Helier,JE2 3NG,49.182536,-2.107873
Coffee Republic,4,02/07/2024,45 King Street,St. Helier,,JE2 4WE,49.18449,-2.10703
St. Luke's School Nursery,5,05/06/2024,St Lukes School,Elizabeth Street,Jersey,JE2 7PG,38.970199,-90.188029
So Bar,4,19/07/2022,36 Esplanade,St. Helier,,JE2 3QA,49.18479,-2.11196
Boots the Chemist,5,13/01/2022,Boots the Chemist,62 King Street,Jersey,JE2 4WE,39.119433,-90.327488
Alison's,5,15/04/2025,68 King Street,St. Helier,,JE2 4WE,49.1848,-2.10823
Georgetown Stores,3,12/01/2026,Georgetown Stores,Georgetown Road,St. Saviour,JE2 7PH,49.178826,-2.093266
Gradees Ltd,4,18/06/2025,9-10 Colomberie Court,La Colomberie,Jersey,JE2 4QB,39.119433,-90.327488
Bakeology,5,11/06/2024,,,,,,
"The Royal Hotel, St. Martin",5,05/03/2025,La Grande Route de Faldouet,St. Martin,,JE3 6UG,49.212343,-2.038748
Kali-Ma Raw Chocolate,3,15/03/2024,,,,,,
St. Martin's Primary School,4,24/05/2024,St Martins Primary School,La Rue de la Croix Au Maitre,Jersey,JE3 6HW,39.119433,-90.327488
Spiral Ices Limited,5,11/02/2022,Longbeach Car Park,La Rue à Don,Grouville,,49.188577,-2.040517
St George's Preparatory School Limited,5,27/02/2024,St. George's Preparatory School,La Hague Manor,St. Peter,JE3 7DB,49.21283,-2.18372
Greatcatch (JY029),4,22/09/2023,Aigremont Farm,La Rue de la Hambye,Jersey,JE2 7UQ,39.119433,-90.327488
Grouville Primary School,3,25/04/2023,Grouville School,La Rue de la Haye du Puits,Jersey,JE3 9DL,49.185554,-2.04231
St. Michael's School,5,05/06/2024,St. Michaels School,La Rue de la Houguette,Jersey,JE2 7UG,49.199292,-2.072987
Oakwell Short Break Centre,4,29/07/2024,Park Estate,St. Brelade,,JE3 8EQ,49.188941,-2.198858
Alvin's Hot Stuff Pizza,4,22/07/2024,3 Stopford Road,St. Helier,,JE2 4LB,49.18923,-2.102283
Tasty Bite,5,01/07/2025,18 Peter Street,St. Helier,,JE2 4SP,49.18501,-2.10143
St Clements Golf Club,5,12/07/2022,Jersey Recreation Ground,Plat Douet Road,Jersey,JE2 6PN,43.865135,-85.37849
Kitty O'Shea's,5,23/07/2024,14 The Parade,St. Helier,,JE2 3QP,49.18728,-2.11082
Plat Douet School,5,04/04/2025,Plat Douet Road,St. Saviour,,JE2 7PN,49.178519,-2.087669
Acrewood Day Nursery,5,24/10/2022,Acrewood Day Nursery,Petit Menage,St. Saviour,JE2 7RP,49.194897,-2.090318
Sid's Place,4,18/07/2024,7 La Colomberie,St. Helier,,JE2 4QA,49.1834,-2.10275
Jaipur Tandoori,4,07/11/2024,10 Esplanade,St. Helier,,JE2 3QA,49.183308,-2.109478
Jersey Wanderers Football Club,4,29/03/2023,Jersey Wanderers Football Club,Jersey Hockey Club,St. Peter,JE3 7BJ,49.21283,-2.18372
Krafty J's,5,04/04/2024,40 Bath Street,St. Helier,,JE2 4ST,49.18513,-2.102465
Dolphin Cottage,5,19/06/2025,,,,,,
Gorey Fruit & Veg Shop,5,01/06/2022,La Rue Hilgrove,Grouville,,JE3 9EZ,49.19781,-2.032303
Momentum Cafe & Grocery Stores,4,27/09/2023,2-3 Minden Street,St. Helier,,,49.186326,-2.102542
Lazin Lizard,5,02/08/2024,Restaurant,Le Mont les Vaux,Jersey,JE3 8AA,39.119433,-90.327488
Caffe Ristorante Italia,4,07/08/2022,4-6 Colomberie Court,La Colomberie,Jersey,JE2 4QB,39.119433,-90.327488
Eurest (Canteen),5,14/06/2023,HSBC House,58-59 Esplanade,Jersey,JE2 3QB,50.782174,-1.06038
Co-Op Locale - Georgetown,5,21/02/2023,Elizabeth Street,St. Saviour,,JE2 7GP,49.17926,-2.094901
Blind Pig,4,12/01/2024,5 Mulcaster Street,St. Helier,,JE2 3NJ,49.183115,-2.106983
Planet Pool and Snooker Club,4,10/07/2024,5 Wharf Street,St. Helier,,JE2 3NR,49.182898,-2.107852
The Corner House,5,12/07/2024,2-4 La Motte Street,St. Helier,,JE2 4SY,49.18371,-2.10174
"R Fresh, New Street",5,03/07/2024,6 New Street,St. Helier,,,49.186648,-2.10586
The Kiosk,4,23/07/2024,,,,,,
The Jersey Grazing Co,5,13/07/2021,,,,,,
La Maison de Jersey,5,28/09/2022,John Le Fondre Departures Hall,L'Avenue de la Reine Elizabeth II,Jersey,JE3 7BP,49.206594,-2.187314
Uno Cafe & Restaurant,4,30/04/2025,Norton House,Nelos Hospitality Limited,St. Brelade,JE3 8BS,49.193024,-2.199614
Matildas Cafe,5,09/06/2025,8 Conway Street,St. Helier,,JE2 3NT,49.18376,-2.10782
Trinity Youth Project,5,22/11/2018,La Rue du Presbytère,Trinity,,JE3 5JB,49.234903,-2.091563
St. Helier Yacht Club,3,05/06/2024,Yacht Club,South Pier,Jersey,JE2 3NB,43.865135,-85.37849
FCJ Pre-School,5,30/10/2023,FCJ Primary School,La Rue de Deloraine,Jersey,JE2 7XB,51.34083,12.375101
The Butcher's Block,5,24/08/2022,25 Les Quennevais Parade,St. Brelade,,JE3 8FX,49.193037,-2.198995
Co-Op Five Oaks,5,22/08/2022,Five Oaks,La Grande Route de St. Martin,Jersey,JE4 8XQ,49.199905,-2.078274
Pizza Lovers Limited,4,16/04/2025,Mont Felard,La Route de St. Aubin,Jersey,JE3 1LL,52.131589,11.639961
Cafe 790,5,06/02/2025,Strive Jersey,L'Avenue de la Reine Elizabeth II,Jersey,JE3 7BP,49.206594,-2.187314
Botana,3,10/07/2025,11 Caledonia Place,St. Helier,,JE2 3NG,49.182787,-2.107892
Arepera La Tricolor & No.6 Poncha Bar,4,31/10/2024,6a La Motte Street,St. Helier,,JE2 4SY,49.18367,-2.10262
Cafe Ube (Elizabeth Terminal),5,19/04/2024,Elizabeth Terminal,La Route Du Port Elizabeth,Jersey,JE2 3NW,49.182489,-2.113081
"Busy Bees, La Providence",5,05/03/2024,Nursery,La Vallée de St. Pierre,Jersey,JE3 1PR,52.131589,11.639961
The Moorings Hotel & Restaurant,4,21/03/2024,Gorey Pier,St. Martin,,JE3 6EW,49.199398,-2.020463
Nelios Tasty Treats,5,12/06/2025,,,,,,
Mont Orgueil Castle Cafe,5,07/02/2025,Mot Orgueil Castle,La Route de la Cote,Jersey,JE3 6DR,32.906765,-93.57079
Little Brazil,3,13/03/2024,,,,,,
Age Concern Jersey,5,07/10/2024,Plaisant Place,Val Plaisant,Jersey,JE2 4ET,43.865135,-85.37849
Elizabeth Castle Cafe,4,21/03/2023,Elizabeth Cafe,Esplanade,Jersey,JE2 3QB,40.665327,-74.214768
Leeward Childcare,5,03/04/2025,Springfield Nursery,Janvrin Road,Jersey,JE2 4LF,49.191406,-2.099554
Not Posh (Mobile Unit),4,29/04/2022,,,,,,
Hamptonne Country Life Museum,5,14/03/2025,Hamptonne,La Rue de la Patente,Jersey,JE3 1HS,39.119433,-90.327488
No.1 Parade Kitchen,4,11/07/2024,1 The Parade,St. Helier,,JE2 3QP,49.18671,-2.1102
Pizza Box Jersey (Mobile Unit),4,08/11/2022,,,,,,
Royal Courtyard Foods,5,12/06/2025,,,,,,
Sweet Dreams,3,01/10/2021,,,,,,
Borough Market Kitchen,2,14/01/2026,Hotel de Normandie,Havre des Pas,St. Saviour,JE2 7PD,49.178125,-2.101715
Vic Kelly Fitness,5,17/11/2023,,,,,,
Master Farms Ltd,5,23/08/2024,,,,,,
Plouf,5,01/03/2024,,,,,,
Cheshire Home Community Centre,4,31/07/2024,Block A,Edinburgh House,St. Helier,JE2 4BQ,49.185665,-2.110228
The Drinks Box,4,17/11/2023,,,,,,
Great Wall Chinese Takeaway,3,19/02/2025,Princes Tower Road,St. Saviour,,JE2 7WP,49.198699,-2.071267
Boots the Chemist,5,15/02/2024,23-29 Queen Street,St. Helier,,JE2 4WD,49.18398,-2.103946
Cheshire Homes,5,06/03/2025,Cheshire Home,Rope Walk,Jersey,JE2 4UU,40.91078,-74.96769
Runnymede Court Hotel,5,13/06/2025,48 Roseville Street,St. Helier,,JE2 4PL,49.178323,-2.101037
Roseville Mini Market,3,01/07/2024,66 Roseville Street,St. Helier,,JE2 4PL,49.178323,-2.101037
Indian Ocean,3,30/07/2024,Indian Ocean,37 La Motte Street,Jersey,JE2 4SZ,49.18384,-2.10065
Pickled Pepper Cafe,4,21/07/2022,15-18 Fish Market,Beresford Street,Jersey,JE2 4WX,49.185277,-2.103836
Bastille Brasserie,4,30/07/2024,35 Queen Street,St. Helier,,JE2 4WD,49.18372,-2.10305
The Up and Down Cafe,3,02/07/2024,22 Queen Street,St. Helier,,JE2 4WD,49.183926,-2.103715
Millennium Kiosk,4,17/05/2024,Millennium Park,Bath Street,Jersey,JE2 4LS,39.119433,-90.327488
Staks,5,18/07/2024,67 La Colomberie,St. Helier,,,49.182176,-2.10101
Roberts Garage - St Peter,4,18/07/2024,Commercial Premises,L'Avenue de la Commune,Jersey,JE3 7ZP,49.202412,-2.192182
Sorrento.je,4,22/08/2023,Restaurant,Le Boulevard,Jersey,JE3 8AB,49.186263,-2.169611
St. Luke's Primary School (Flourish),3,26/08/2022,St. Luke's School,Elizabeth Street,Jersey,JE2 7PG,38.970199,-90.188029
St. Martin's Primary School (Flourish),3,24/10/2022,St. Martin's School,La Rue de la Croix Au Maitre,Jersey,JE3 6HW,49.219226,-2.053906
The Icing on the Cake Jersey,5,01/07/2025,,,,,,
Voisins Home,5,14/07/2023,31 Don Street,St. Helier,,JE2 4TQ,49.18517,-2.10554
Alfonso (Food Trailer),3,15/06/2023,,,,,,
The Line Up Cafe,4,01/05/2025,Port de la Mer,La Grande Route Des Mielles,Jersey,JE2 7FN,49.214849,-2.224828
Arepera La Tricolor (Events),2,23/04/2024,,,,,,
Fireside Events,5,04/05/2025,,,,,,
Vasco Da Gama Take Away,3,03/12/2024,79 La Colomberie,,St. Helier,JE2 4QA,49.18126,-2.09828
Jersey Kitchen Catering Ltd,4,30/10/2023,,,,,,
Star at Legends,5,24/07/2024,15 La Colomberie,St. Helier,,JE2 4QB,49.18327,-2.10244
Headway (Jersey) Limited,5,29/07/2024,Le Coie Centre,Springfield Road,Jersey,JE2 7DN,40.701952,-74.320072
Wally's Chippy,4,05/02/2025,1 Red Houses Parade,La Route des Genets,Jersey,JE3 8DA,39.119433,-90.327488
Plemont Beach Cafe,4,24/11/2025,Plemont Beach Cafe,La Route de Plemont,St. Ouen,JE3 2BD,49.255593,-2.226414
The Tipsy,4,17/07/2025,La Route de Beaumont,St. Peter,,JE3 7BQ,49.21283,-2.18372
Franky's,3,02/05/2024,2 Grosvenor Street,St. Helier,,JE2 4QR,49.183804,-2.098851
Les Charrières Nursing Home,5,29/04/2025,Les Charrières,St. Peter,,JE3 7ZJ,49.224668,-2.180415
Eastside,5,10/04/2025,Cafe,Le Mont de Gouray,Jersey,JE3 6ET,39.119433,-90.327488
Alison's,5,02/12/2024,30 Halkett Place,St. Helier,,JE2 4WG,49.185864,-2.1044
Hank Marvin,4,15/03/2024,Rondels Farm,La Rue du Haut de L'Orme,Jersey,JE3 5FG,51.34083,12.375101
100% Health,4,23/07/2025,26-27 Conway Street,St. Helier,,JE2 3NT,49.183786,-2.107762
Woodside Flowers and Farm Shop,5,22/04/2024,Woodside Farm Shop,La Rue Coutanche,Jersey,JE3 5DU,49.237757,-2.104594
Solshine,5,30/09/2024,The Beach Hut,La Route de la Baie,Jersey,JE3 8EF,39.119433,-90.327488
The St Laurent Public House,4,30/10/2023,Public House,La Grande Route de St. Laurent,Jersey,JE3 1NL,49.214912,-2.141689
Mini Mes Childcare,5,06/03/2024,Les Quennevais Playing Fields,La Route des Quennevais,Jersey,JE3 8LZ,49.193048,-2.199306
First Tower Youth Project,3,14/11/2022,La Route de St. Aubin,St. Helier,,JE2 3SD,49.198121,-2.147153
Chipstix Jersey,5,05/06/2025,,,,,,
The Patisserie,5,14/11/2023,6a La Colomberie,St. Helier,,JE2 4QB,49.18341,-2.10277
The Loft & Coffee House,4,06/02/2025,Seagull House,La Neuve Route,Jersey,JE3 8BS,43.865135,-85.37849
Snack Store,4,01/03/2023,,,,,,
Seaweed & Sand,5,04/04/2023,,,,,,
The Harbour Gallery Jersey,5,02/10/2023,19 Commercial Buildings,St. Helier,,JE2 3NB,49.18052,-2.1089
2 Tasty,5,28/04/2025,5 New Street,St. Helier,,JE2 3RA,49.186648,-2.10586
The Marina Shop,5,01/08/2023,St Helier Marina,New North Quay,Jersey,JE2 3ND,39.119434,-90.32749
Petchi,4,14/02/2024,Unit 13C,"First Floor, Liberty Wharf",St. Helier,JE2 3NY,49.182951,-2.107887
Centre Point East (Grouville School),4,23/11/2023,Grouville School,La Rue de la Haye du Puits,Jersey,JE3 9DL,49.185554,-2.04231
St. John's School,5,15/03/2023,St John's School,La Rue De La Mare Ballam,Jersey,JE3 4EJ,40.575922,-83.384244
"Freedom Activity Camp, St Saviour School",4,25/10/2023,St Saviour Primary School,Bagatelle Road,Jersey,JE2 7TY,49.193129,-2.084875
JAYF Gardens and Bridge Committee,5,23/05/2024,,,,,,
Il Trullo,4,12/07/2024,8 Charing Cross,St. Helier,,JE2 3RP,49.18517,-2.10943
Eddie's,4,10/01/2024,1 Dumaresq Street,St. Helier,,JE2 3RL,49.1855,-2.10927
Crafty Ouens Kitchen,5,29/02/2024,,,,,,
Nesting Day Care,5,24/07/2024,Halkett Place,St. Helier,,JE2 4WH,49.18573,-2.104436
Norfolk Hotel,4,13/05/2024,60-61 La Colomberie,St. Helier,,JE2 4QA,49.182203,-2.101044
The Taste,4,28/07/2022,Trojan House,20 Sand Street,Jersey,JE2 3QF,43.865135,-85.37849
Domino's Pizza,5,27/07/2022,58-60 St. Saviours Road,St. Helier,,JE2 4LA,49.18823,-2.097242
San Marco,3,27/03/2025,Restaurant,10 La Motte Street,Jersey,JE2 4SY,39.119433,-90.327488
Co-Op Locale - Maufant,5,27/05/2022,La Grande Route de St. Martin,St. Saviour,,JE2 7GT,49.199905,-2.078274
Off the Rails & Bad Boy Burger,5,20/07/2025,St Brelade's Play Park,La Petite Route des Mielles,Jersey,JE3 8FA,49.194117,-2.196851
"Busy Beans Nursery, Victoria Avenue",5,02/05/2025,Victoria House,Victoria Avenue,Jersey,JE3 1LU,39.119433,-90.327488
St. Clement's Primary School,5,20/05/2025,St Clements School,La Rue de la Chapelle,Jersey,JE2 6LN,51.34083,12.375101
Pizza Quarter,5,01/08/2024,Greve d'Azette Slipway,La Grande Route de la Côte,Jersey,JE2 6PT,39.119433,-90.327488
The Lamplighter,4,19/06/2024,9 Mulcaster Street,St. Helier,,,49.183115,-2.106983
Waitrose (Jersey) Ltd - St Saviour,5,09/07/2024,La Rue des Prés,St. Saviour,,JE2 7QL,49.186545,-2.041413
Bay Tree Tea Room,4,13/05/2024,St Peters Garden Centre,L'Avenue de la Reine Elizabeth II,Jersey,JE3 7BP,49.206594,-2.187314
Curiosity Coffee Shop,4,28/04/2025,14 Sand Street,St. Helier,,JE2 3QF,49.18544,-2.11038
Vineyard Cafe,5,30/05/2025,La Mare Vineyards,La Rue de la Hougue Mauger,Jersey,JE3 3BA,49.245557,-2.171748
Market Kitchen,4,30/07/2024,63-65 Halkett Place,St. Helier,,JE2 4WL,49.18573,-2.104436
The Lookout,5,06/02/2025,First Tower Kiosk,Victoria Avenue,Jersey,JE2 3LU,39.119433,-90.327488
The Square,5,22/01/2024,14-16 Weighbridge,St. Helier,,JE2 3NF,49.185665,-2.110228
St. Peter's Youth Club,3,22/09/2023,St Peter's Community Centre,Rue des Fosses,Jersey,JE3 7AH,49.211777,-2.182927
Blanc Pignon (Events),4,12/05/2025,,,,,,
Kismet Cabana (Events),5,10/04/2024,,,,,,
Saturday Lunches,3,28/02/2023,St Mary Youth & Community Centre,La Rue du Pont,Jersey,JE3 3AS,49.167499,-2.033118
La Piscine,5,12/04/2023,Les Quennevais Sports Centre,Don Farm,St. Brelade,JE3 8LZ,49.195341,-2.20037
La Cidrerie Barn Restaurant (La Robeline),5,15/05/2025,La Petite Robeline,La Rue des Bonnes Femmes,Jersey,JE3 2ET,31.690265,-93.304437
Rawe Juices,5,22/06/2025,,,,,,
Old Station Cafe,3,07/05/2025,The Old Station,Victoria Avenue,Jersey,JE3 1LS,39.119433,-90.327488
The Rigatoni,3,29/09/2023,Unit 13c FF,Liberty Wharf,St. Helier,JE2 3NY,49.182951,-2.107887
Chidoth Sweet Treats,5,28/07/2025,,,,,,
Over the Bridge Catering,5,23/06/2025,,,,,,
"Snoop Dogs, Annie Mac 'n' That, Pizza Tong, Betty Davis Fries",4,06/09/2023,,,,,,
Boxinbusiness,3,24/10/2025,1 Grenville Street,St. Helier,,JE2 4UF,49.1829,-2.1019
Kyoto Prefecture,3,30/04/2024,2 Bank Place,Charing Cross,Jersey,JE3 8AA,43.865135,-85.37849
Majestic Wine (St Helier),5,21/10/2025,The Powerhouse,Queens Road,St. Helier,JE2 3AP,49.19558,-2.110614
Jade Garden Restaurant,5,06/06/2024,Jade Garden,4-6  Market Street,St. Helier,JE2 4WY,49.184763,-2.103724
Cucina,3,13/11/2024,18  Charing Cross,,St. Helier,JE2 3RP,49.185238,-2.109729
Red House Coffee Bar and Pizzeria,3,22/07/2024,1 Wests Centre,Bath Street,,JE2 4ST,51.380836,-2.360769
Soleil,4,04/08/2022,12 Bath Street,St. Helier,,JE2 4ST,49.18464,-2.10267
"Tuk Tuk, Cafe du Port",3,19/07/2024,Gorey Pier,St. Martin,,JE3 6EW,49.199398,-2.020463
Joshuas Sandwich Bar & Takeaway,4,23/08/2022,Joshuas Sandwich Bar & Takeaway,45 Hill Street,Jersey,JE2 4UA,39.118519,-90.336891
The Dolphin Hotel,3,03/02/2025,Gorey Pier,St. Martin,,JE3 6EW,49.199398,-2.020463
Post Horn,5,14/03/2024,5-11½,Hue Street,Jersey,JE2 3RE,39.106482,-90.351024
Seascale Hotel,4,03/02/2025,Gorey Pier,St. Martin,,JE3 6EW,49.199398,-2.020463
St James Wine Bar,5,10/10/2022,St James Wine Bar Brasserie,5 Rue du Funchal,Jersey,JE2 4TT,43.865135,-85.37849
Little Thai Ltd,3,18/08/2022,35 Hill Street,St. Helier,,JE2 4UA,49.183584,-2.104436
The Kitchen at Gorey Village,4,13/03/2024,Fairview,Gorey Village Main Road,Jersey,JE3 9EP,40.8118,-73.999735
Les Houmets Residential Home,5,07/03/2024,Gorey Village Main Road,Grouville,,JE3 9EP,49.195959,-2.03384
Mark Jordan at the Beach,5,06/03/2025,La Plage,La Route de la Haule,Jersey,JE3 7YD,51.34083,12.375101
Little Italy,4,16/07/2024,Little Italy,36-38 Kensington Place,Jersey,JE2 3PA,43.865135,-85.37849
Corbiere Ices,5,26/03/2025,Car Park,Corbiere Lighthouse,St. Brelade,,49.182891,-2.230703
Nourish,4,17/07/2023,,,,,,
Le Quesne's Nurseries,4,12/02/2025,La Rue de Beauvoir,St. Saviour,,JE2 7SN,49.190324,-2.084183
St. Mary's Country Inn,4,15/04/2024,La Rue des Buttes,St. Mary,,JE3 3DS,49.235592,-2.166936
Victoria Sponge,5,08/07/2024,,,,,,
Bethlehem Methodist Church,5,22/07/2024,La Rue des Buttes,St. Mary,,JE3 3DS,49.235592,-2.166936
Bel Royal Primary School,3,07/07/2025,Bel Royal Primary School,La Rue De Haut,Jersey,JE3 1JQ,39.119433,-90.327488
Bethesda Pre-School,3,04/03/2024,Bethesda Playgroup,La Route du Moulin,Jersey,JE3 7FR,43.865135,-85.37849
Les Fontaines Tavern,5,27/06/2025,La Route du Nord,St. John,,JE3 4AJ,49.24774,-2.138465
Lotus House,5,04/02/2025,La Route de St. Aubin,St. Helier,,JE2 3LL,49.198121,-2.147153
Beausite Hotel,3,28/07/2025,La Rue des Prés,Grouville,,JE3 9DJ,49.186545,-2.041413
Corbiere Phare,4,13/03/2024,La Rue de la Corbière,St. Brelade,,JE3 8HN,49.180472,-2.230625
Harbour Newsagent,5,01/08/2022,Elizabeth Harbour,La Route Du Port Elizabeth,Jersey,JE2 3NW,30.937499,-92.305998
Best-one Ltd,4,12/07/2024,La Route de St. Aubin,St. Helier,,JE2 3LN,49.198121,-2.147153
First Tower Primary School,3,08/03/2024,La Route de St. Aubin,St. Helier,,JE2 3SD,49.198121,-2.147153
Pinewood Residential Home,5,21/11/2023,Le Mont Millais,St. Helier,,JE2 4RW,49.181442,-2.097018
Franklyn Guest House,5,06/05/2025,65 St. Saviours Road,St. Helier,,JE2 4GJ,49.18497,-2.09885
Jersey College for Girls,3,23/09/2024,Jersey College For Girls,Le Mont Millais,Jersey,JE2 7YB,50.442049,5.597497
Stinky Bay Brewing Company,5,10/06/2025,,,,,,
Sweet Celebrations,5,02/04/2024,,,,,,
Boots Les Quennevais Parade,5,11/05/2022,11 Les Quennevais Parade,La Route des Quennevais,Jersey,JE3 8FX,49.19238,-2.20066
St Aubin Methodist Church,5,31/07/2024,Wesleyan School,Le Quai Bisson,Jersey,JE3 8JT,49.186597,-2.170469
Pound Magic,4,21/06/2023,17 Les Quennevais Parade,La Route des Quennevais,Jersey,JE3 8FX,49.19279,-2.20062
Marks & Spencer - St Clement,5,31/05/2022,La Grande Route de la Côte,St. Clement,,JE2 6FE,49.167532,-2.063859
The Party Shop,5,29/09/2021,16 Les Quennevais Parade,La Route des Quennevais,Jersey,JE3 8FX,49.19272,-2.20065
Undercliff Guest House,5,26/05/2022,Les Charrières de Boulay,Trinity,,JE3 5AS,49.237314,-2.085199
Monterey Hotel,5,19/03/2025,St. Saviours Road,St. Saviour,,JE2 7LA,49.18823,-2.097242
Millers Bar,4,15/09/2022,4 - 5 Les Quennevais Precinct,La Route des Quennevais,Jersey,JE3 8LT,39.119433,-90.327488
Marks & Spencer Simply Food - St. Helier,5,30/07/2024,54-58 King Street,St. Helier,,JE2 4WF,49.184451,-2.106853
Co-op Fresh Food Grande Marche,5,22/03/2024,La Rue le Masurier,St. Saviour,,JE2 4LZ,49.188969,-2.098201
Grouville Parish Hall,5,04/08/2025,La Rue à Don,Grouville,,JE3 9GA,49.188577,-2.040517
Six Rues Stores,4,17/05/2024,La Rue,St. Lawrence,,JE3 1GL,49.227283,-2.147582
Earl Grey Public House,5,03/08/2022,La Route de St. Aubin,St. Helier,,JE2 3SG,49.198121,-2.147153
St. Brelade Social Club,4,15/12/2022,La Route des Quennevais,St. Brelade,,JE3 8GA,49.193048,-2.199306
Grace Trust Charity,5,25/01/2023,,,,,,
Waitrose (Jersey) Ltd - St Brelade,5,16/05/2024,La Route Orange,St. Brelade,,JE3 8DA,49.188669,-2.21175
The Log Cabin,5,13/05/2022,St Brelade Parish Play Park,La Petite Route des Mielles,Jersey,JE3 8FA,49.194117,-2.196851
Wheatlands Limited,5,25/05/2022,Restaurant,Les Grupieaux,Jersey,JE3 7ED,49.210345,-2.092171
Maison Gorey Hotel,5,03/06/2025,Hotel,Gorey Village Main Road,Jersey,JE3 9EP,43.865135,-85.37849
Cooper & Co Cafe,5,10/06/2025,Co-Op Fresh Food Grande Marche,La Rue le Masurier,Jersey,JE2 4LZ,49.188969,-2.098201
Bloomers,4,14/03/2024,42-45 Central Market,Halkett Place,Jersey,JE2 4WL,49.21849,-2.14198
Charlie Farley's Too,5,01/07/2025,89 St. Saviours Road,St. Helier,,JE2 4GJ,49.187002,-2.097347
Beaulieu Convent School (Cafe Beau),5,01/07/2024,Canteen,Wellington Road,Jersey,JE2 4RJ,40.852626,-74.115653
"La Moye School, Pathways holiday club",5,21/12/2023,La Moye School,La Route Orange,Jersey,JE3 8GQ,49.21849,-2.14198
Cheval Roc,5,12/04/2024,Residential & Nursing,Les Nouvelles Charrieres,Jersey,JE3 4DJ,49.249766,-2.119655
Kico Cake Art,5,28/11/2024,,,,,,
Flag and Whistle (Newdawn Catering),2,11/06/2025,Springfield Stadium,Janvrin Road,St. Helier,JE2 4LF,49.191406,-2.099554
Farmers Cricket Club,5,13/05/2024,Club House / Pavillion,La Rue de la Vignette,Jersey,JE3 6HY,39.119433,-90.327488
Yogolicious Ltd,5,02/07/2024,10 Hilgrove Street,St. Helier,,JE2 4SL,49.184367,-2.103577
Cheffins Restaurant,4,03/07/2025,1717 Ltd,Victoria House,St. Brelade,JE3 7BA,49.193024,-2.199614
Sangria,5,12/06/2025,15 Royal Square,St. Helier,,JE2 4WA,49.185665,-2.110228
Beuvelande Campsite,4,28/05/2024,Shop,La Rue de Beuvelande,Jersey,JE3 6EZ,39.119433,-90.327488
L Galego Bakery and Coffee Shop,4,08/01/2024,95 Bath Street,St. Helier,,JE2 4SU,49.186985,-2.102479
Infusion by Tiffin,4,26/02/2024,46-52 King Street,St. Helier,,JE4 8NN,49.184451,-2.106853
McDonalds,5,23/07/2024,6 Halkett Street,St. Helier,,JE2 4WJ,49.1842,-2.10366
Raw,5,06/02/2023,Jersey Crossfit,24 Commercial Buildings,Jersey,JE2 3NB,49.18101,-2.1086
Good Friend Chinese Take Away,3,23/06/2025,David Place,4 David Place,Jersey,JE2 4TD,39.119433,-90.327488
La Hougue Bie Retail Shop,5,07/02/2025,La Hougue Bie,La Route de la Hougue Bie,Jersey,JE3 9HQ,51.34083,12.375101
Voisins Kitchen,3,29/10/2024,26-32 King Street,St. Helier,,JE2 4WF,49.184451,-2.106853
St John's Village Store,3,25/07/2024,Century House,La Rue du Temple,Jersey,JE3 4BH,39.119433,-90.327488
Tony's Cafe,3,19/05/2025,9a Cattle Street,St. Helier,,JE2 4WP,49.18559,-2.10386
Harpers Catering,4,14/08/2023,,,,,,
Sands Cafe,5,17/05/2024,Discovery bay,La Grande Route Des Mielles,Jersey,JE3 7FN,49.214849,-2.224828
The Slipway at Greve de Lecq Pier,4,22/08/2023,,,,,,
The Good Egg Beach Cafe,5,03/03/2025,La Collette Walkway,Mount Bingham,Jersey,JE2 4UR,39.119433,-90.327488
The Old Barn,3,24/06/2025,Manor Farm,La Route du Manoir,Jersey,JE3 7DD,39.119433,-90.327488
The Watchmaker,4,23/10/2023,43 Halkett Place,St. Helier,,,49.185924,-2.104383
G&J Flavours Of Home at Benests,4,17/11/2023,Gary Whitelaw At The Butchers,La Route de St. Aubin,Jersey,JE3 1LL,49.198121,-2.147153
Kyoto Restobar,4,25/06/2025,2 Elizabeth Place,St. Helier,,JE2 3PN,49.18887,-2.11171
Loaf,3,12/09/2024,2 Seaton Place,St. Helier,,JE2 3QL,49.185665,-2.110228
Two Brands,5,07/01/2022,9 Market Street,St. Helier,,JE2 4WY,49.185665,-2.110228
Oasis Cafe,5,25/06/2025,Oasis Café,La Route de Vinchelez,Jersey,JE3 2DB,39.119433,-90.327488
Victoria Tavern,5,18/07/2024,9 Minden Place,St. Helier,,JE2 4WQ,49.185665,-2.110228
Green Island Village Store,5,05/09/2022,Green Island,La Grande Route de la Côte,Jersey,JE2 6SE,39.119433,-90.327488
Gallery Cafe and Deli,5,04/02/2025,Harbour Gallery,Le Boulevard,Jersey,JE3 8AB,49.186263,-2.169611
Snow Hill Fish & Chips,4,08/01/2024,47 Hill Street,St. Helier,,JE2 4UA,49.183584,-2.104436
The Pavilion,5,20/03/2025,Liberation Place,Esplanade,Jersey,JE1 1BB,43.865135,-85.37849
Enoteca,5,20/07/2025,Charing Cross,St. Brelade,,JE3 8AA,49.187571,-2.17088
Roccos Activity Centre,4,08/07/2024,Les Mielles Golf & Country Club,La Route de la Marette,St Peter,JE3 7FQ,49.21283,-2.18372
Nowhere Coffee Co.,4,02/09/2022,E407,Metropol East,St. Helier,JE2 4DG,49.185665,-2.110228
Thyme Out Express (HCS Catering),5,01/08/2024,Catering Department,General Hospital,St. Helier,JE2 3QS,49.185665,-2.110228
Seymour Inn Public House,5,17/02/2025,La Rue du Puits Mahaut,Grouville,,JE3 9BU,49.169876,-2.033549
Wok-A-Noodle-Do,5,28/06/2024,,,,,,
Phire,4,26/03/2024,13 Don Street,St. Helier,,JE2 4TQ,49.1846,-2.10573
Cheapside Cafe,3,16/04/2024,11 Cheapside,St. Helier,,,49.18904,-2.1127
Sweets Land,5,29/08/2023,,,,,,
Slush Puppie Jersey (M. Noel),5,01/09/2023,,,,,,
The Trading Point,5,23/01/2024,Alexandre House,La Rue,Jersey,JE3 1GL,43.865135,-85.37849
Katherine Jauncey t/a Katherine Jauncey Culinary,4,16/01/2024,,,,,,
Co-Op Philip Street,4,06/12/2023,Somerville House,Phillips Street,Jersey,JE2 4SW,39.119433,-90.327488
Kabuki Sushi,5,21/10/2024,,,,,,
The Office Bar,5,21/08/2023,Wharf Street,St. Helier,,JE2 3NS,49.182951,-2.107887
24/7 Vend Store,4,13/12/2023,7  York Street,,St. Helier,JE2 3RQ,49.18562,-2.1094
New Dynasty,3,13/02/2024,6 Parade Arcade,The Parade,Jersey,JE2 3QP,51.12142,-0.18154
Hong Kong Chef,4,24/02/2025,Mathew House,La Rue Hilgrove,Jersey,JE3 9EZ,39.119433,-90.327488
Grainville School (Flourish),3,13/11/2025,Grainville School,La Rue de Deloraine,Jersey,JE2 7XB,51.34083,12.375101
Co-Op En Route - Trinity,5,24/02/2022,Co-op En Route Trinity,La Grande Route De St. Jean,Trinity,,49.239622,-2.111377
Haute Vallee School (Flourish),4,01/07/2024,Haute Vallée School,La Grande Route du Mont a l'Abbe,Jersey,JE2 3HA,49.201764,-2.115637
Hautlieu School (Flourish),5,04/06/2025,Hautlieu School,Wellington Road,Jersey,JE2 7TH,40.852626,-74.115653
Pink Panda Van/Pando's/Private Panda,5,03/12/2024,,,,,,
Les Quennevais School (Flourish),5,07/06/2024,New Les Quennevais School,La Route des Quennevais,Jersey,JE3 8LG,49.193048,-2.199306
Waterfront Gardens Ice Cream Van,5,03/04/2025,,,,,,
Victoria College (Flourish),5,16/07/2025,Victoria College Bistro,Le Mont Millais,Jersey,JE1 4HT,49.181442,-2.097018
The Yard,5,06/03/2025,Jersey Museum,Weighbridge,Jersey,JE2 3NF,-28.245457,153.543286
The Secret Bartender,3,03/05/2024,,,,,,
Philadelphie Messy Centre,4,16/05/2024,La Grande Route De St. Pierre,St. Peter,,JE3 7AA,49.213629,-2.182954
TRU @ No. 8,4,19/06/2025,8 Seaton Place,St. Helier,,JE2 3QL,49.186079,-2.112199
Bets & Buds,5,20/06/2025,,,,,,
Harriet & Rose,5,25/10/2023,,71 King Street,Jersey,JE2 4WE,,
Funchal Paradise,4,24/07/2024,68a La Colomberie,St. Helier,,JE2 4QA,49.182174,-2.101008
Bite Me Cakes,4,10/10/2023,,,,,,
Flavour.je (Meze Bar),4,21/11/2023,4 La Rue du Crocquet,St. Brelade,,JE3 8BZ,49.189334,-2.169974
For Love & The Liminal,4,01/10/2024,,,,,,
Compass Group - Restaurant Associates,5,22/08/2024,Gaspe House,66-72  Esplanade,St. Helier,JE2 3QT,49.18694,-2.1151
Atlantico,2,17/12/2024,The Bath House,63  Bath Street,St. Helier,JE2 4QU,49.18603,-2.10227
Jersey Roseville Cafe,4,23/10/2024,25  Halkett Street,,St. Helier,JE2 4WJ,49.18504,-2.10338
La Lula Bakery,5,22/10/2025,,,,,,
Fenn & Co. Limited,3,15/05/2025,Horizon East,La Rue De L'Etau,St. Helier,,49.181852,-2.113789
1823 Cellar,5,21/06/2023,21 Les Quennevais Parade,La Route des Quennevais,,JE3 8FX,49.193048,-2.199306
Cafe @ The War Tunnels,5,25/06/2025,Cafe,Jersey War Tunnels,St. Lawrence,JE3 1FU,49.214912,-2.141689
Jakes BBQ,4,03/12/2024,,,,,,
Classic Catering (Events),4,22/06/2024,,,,,,
KFC - Jersey St. Helier,5,02/07/2024,KFC,La Rue De L'Etau,,JE2 3WF,49.181852,-2.113789
Morrisons Daily and Wine Warehouse-Benest,3,06/05/2025,Lisbon House,La Route de St. Aubin,St. Lawrence,JE3 1LL,49.198121,-2.147153
Fig Tree House,4,01/07/2024,14-16 Parade Road,St. Helier,,JE2 3PL,49.190399,-2.112026
Cheapside Butcher (Events Catering),3,23/08/2024,,,,,,
Fountain Court Souvenirs,4,05/11/2025,St.Martin,Gorey Pier,Jersey,JE3 6EW,39.119433,-90.327488
Quidsin.com,5,06/05/2025,7  Esplanade,,St. Helier,JE2 3QB,49.18325,-2.10934
Leonidas,4,29/10/2025,83-85 Central Market,Halkett Place,Jersey,JE2 4WL,49.21849,-2.14198
Domingos Food Truck,5,04/05/2024,,,,,,
Muddy Duck,5,20/06/2025,Restaurant,Le Boulevard,Jersey,JE3 8AB,49.186263,-2.169611
Fait Siez Me,4,12/09/2024,,,,,,
Sylvia's Butchers,3,30/07/2024,19-24 Beresford Street,St. Helier,,JE2 4WL,49.185277,-2.103836
Delicado,3,18/09/2024,86-89,Central Market,St. Helier,JE2 4WL,49.185665,-2.110228
Park Stores,4,25/07/2025,79a La Colomberie,St. Helier,,JE2 4QA,49.18126,-2.09828
Plat Douet School (Golden Cockerels),4,08/05/2025,Plat Douet School,Plat Douet Road,Jersey,JE2 7PN,43.865135,-85.37849
Happy Hatchlings,4,29/07/2024,St. Nicholas Church Hall,St. Nicholas Avenue,Jersey,JE2 6PG,39.119433,-90.327488
Beresford Street Kitchen,5,12/05/2025,The Aspire Charitable Trust,Centurion House,St. Helier,JE2 4WN,49.185665,-2.110228
Jersey Masonic Temple (Empire Cater),5,24/06/2024,Jersey Masonic Temple,Stopford Road,Jersey,JE2 4LZ,49.189557,-2.099916
Marks & Spencer Simply Food - St. Martin,5,27/02/2024,Unit 3,La Vieille Ecole,St. Martin,JE3 6HW,49.217728,-2.051631
Longueville Golf Range,5,17/07/2024,La Rue des Prés,St. Saviour,,JE2 6QL,49.186545,-2.041413
Cooper & Co,5,10/06/2025,Ground Floor - Unit 2,IFC 5,St. Helier,JE2 3BY,49.185665,-2.110228
Le Petit Bosquet Care Home,5,24/05/2024,Le Petit Bosquet,La Rue De Haut,Jersey,JE3 1JZ,51.34083,12.375101
Almorah Hotel,5,01/05/2025,1 Almorah Crescent,St. Helier,,JE2 3GU,49.194873,-2.106891
The Village Preschool,4,20/07/2023,St Peters Youth and Community Centre,Rue des Fosses,Jersey,JE3 7AH,49.211777,-2.182927
"Scoop, The Sustainable Cooperative",4,04/10/2022,Bienvenue Farm,La Grande Route de St. Laurent,Jersey,JE3 1NN,49.214912,-2.141689
The Bass and Lobster,3,19/04/2024,Commercial Premises,La Route de la Cote,Jersey,JE3 6EU,39.278206,-75.04356
Snow Hill Deli,3,30/07/2024,Commercial Premises,Hill Street,Jersey,JE2 3UA,39.118519,-90.336891
Bellagio Bar,4,02/06/2023,8 Charing Cross,St. Helier,,JE2 3RP,49.18517,-2.10943
Grands Vaux Youth Centre,4,11/01/2024,Les Grands Vaux,St. Saviour,,JE2 7NB,49.196337,-2.097206
Maufant Youth Club,3,06/02/2022,Maufant Variety Centre,La Grande Route de St. Martin,Jersey,JE2 7GT,39.119433,-90.327488
St. Brelade Youth Project,3,30/07/2021,Communicare,La Route des Quennevais,Jersey,JE3 8LJ,49.193048,-2.199306
St. Mary's Youth Project,3,01/02/2022,St Mary's Youth and Community Centre,La Rue du Pont,Jersey,JE3 3AS,49.167499,-2.033118
St. Ouen Youth and Community Centre,3,07/03/2022,La Grande Route de St. Ouen,St. Ouen,,JE3 2DA,49.232253,-2.202159
Youth Arts Jersey,4,06/02/2022,St. James Centre,St. James Street,Jersey,JE2 3QZ,39.119433,-90.327488
St. Lawrence Youth Project,3,22/02/2022,Three Oaks,La Grande Route de St. Laurent,Jersey,JE3 1FA,52.131589,11.639961
Charcuterie Deli Board,4,27/03/2025,13-14 Beresford Market,Beresford Street,Jersey,JE2 4WX,49.185277,-2.103836
St. Saviours School,5,07/06/2024,Bagatelle Road,St. Saviour,,JE2 7TY,49.193129,-2.084875
Julie's Cookies,4,13/12/2022,,,,,,
Quintessential Services,5,22/06/2025,,,,,,
Paperclix,5,17/02/2023,Paperclix House,Sandybrook Lane,Jersey,JE3 1LJ,43.865135,-85.37849
Izakaya,4,13/12/2023,Unit 12,Liberty Wharf,St. Helier,JE2 3NY,49.182951,-2.107887
Lovecake,5,28/07/2023,,,,,,
Bond Street Social,5,21/03/2025,10 Bond Street,St. Helier,,JE2 3NP,49.18383,-2.10745
The Horse Box,4,14/02/2025,Millenium Cross Car Park,La Route du Nord,St. John,,49.24774,-2.138465
Ganache Jersey,5,06/10/2023,Unit 9,Castle Quay,St. Helier,JE2 4EH,49.185665,-2.110228
Jasmin's Desserts,5,14/03/2024,,,,,,
Little Lux Catering Limited T/A The Little Lux Co,5,02/04/2024,,,,,,
Society of St Vincent de Paul Food Bank,5,17/01/2024,The Presbytery,17  Val Plaisant,St. Helier,JE2 4TA,49.191651,-2.102513
"Family, Food and Fitness Programme",5,12/06/2024,Haute Vallee Secondary School,La Grande Route du Mont a l'Abbe,St. Helier,JE2 3HA,49.201764,-2.115637
The Village Green Pavilion Café,4,29/08/2024,St. Martin's Village Green,La Rue de la Croix Au Maitre,St. Martin,,49.219226,-2.053906
Sweet Celebrations,4,28/12/2023,51 Central Market,Halkett Place,St. Helier,JE2 4WL,49.185665,-2.110228
Soft Spot Gelato,5,17/06/2024,Bienvenue Farm,La Grande Route de St. Laurent,St. Lawrence,JE3 1NN,49.214912,-2.141689
Jersey Fudge Pot,5,10/06/2025,,,,,,
Joyful Bakes,5,17/05/2024,,,,,,
Victoria Pier Cafe,4,29/07/2022,Commercial Buildings,St. Helier,,JE2 3NB,49.180127,-2.109128
"Premier Inn, Charing Cross",5,21/02/2025,27 Charing Cross,St. Helier,,JE2 3RP,49.185238,-2.109729
Blue Note Bar,5,09/07/2024,Bellinis Jazz Bar,20 Broad Street,Jersey,JE2 3RR,52.21981,-0.07036
La Capannina Restaurant,3,04/03/2025,La Capannina Restaurant,65-67 Halkett Place,Jersey,JE2 4WG,43.865135,-85.37849
St Lawrence Stores,4,28/04/2025,La Grande Route de St. Laurent,St. Lawrence,,JE3 1NL,49.214912,-2.141689
Bond Street Deli,3,19/06/2024,1 Bond Street,St. Helier,,JE2 3NP,49.1832,-2.10704
Bean around the World,5,29/04/2025,73 Halkett Place,St. Helier,,JE2 4WH,49.186017,-2.104358
Lifeboat Cafe,5,06/03/2025,Albert Pier,St. Helier,,JE2 3NE,49.179578,-2.113929
Cambridge Bar,4,17/04/2025,25 Burrard Street,St. Helier,,JE2 4WS,49.18609,-2.10534
Barros Tropical Bistro,3,21/03/2023,Barros Tropical Bistro,37 David Place,Jersey,JE2 4TE,43.865135,-85.37849
Jersey Mechanics Institute,5,19/07/2025,Jersey Mechanics Institute,81 Halkett Place,Jersey,JE2 4WH,49.18629,-2.10428
Quayside Cafe,3,29/05/2024,Albert Pier,St. Helier,,JE2 3NE,49.179578,-2.113929
Pizza Express,5,06/06/2022,Pizza Express,59-61 Halkett Place,Jersey,JE2 4WG,43.865135,-85.37849
Best Western Royal Hotel,5,14/03/2024,Royal Hotel,David Place,Jersey,JE2 4TD,39.119433,-90.327488
Benfica Sports Bar,5,16/07/2025,Cattle Street,St. Helier,,JE2 4WP,49.185731,-2.103815
Naughty Monkeys,5,02/07/2022,,,,,,
Hotel de Normandie,4,30/10/2023,Hotel de Normandie,Havre des Pas,St. Saviour,JE2 7PD,49.178125,-2.101715
The Caesarea,4,23/07/2024,3 Cattle Street,St. Helier,,JE2 4WP,49.185287,-2.103923
Britannia Bars,5,12/06/2025,9 Albert Street,St. Helier,,JE2 3YJ,49.190294,-2.106655
The White Horse Inn,4,31/05/2022,Dicq Road,St. Saviour,,JE2 7PD,49.17831,-2.095187
The Hungry Man,2,25/06/2025,Hungry Man,La Brecque du Nord,Jersey,JE3 5BN,49.237203,-2.045847
Mornington Hotel,5,10/06/2025,62-68 Don Road,St. Helier,,JE2 4QD,49.181,-2.09751
Slice,4,03/05/2024,,,,,,
Dorset Tavern,4,15/08/2022,33 Dorset Street,St. Helier,,JE2 3YH,49.190221,-2.104973
Aquila Road Cafe,4,31/05/2024,6 Aquila Road,St. Helier,,JE2 3XD,49.187853,-2.10835
Farmers Inn,4,09/04/2025,La Grande Route de St. Ouen,St. Ouen,,JE3 2HY,49.232253,-2.202159
Shakes R Us,4,28/06/2024,52-54 Central Market,Halkett Place,Jersey,JE2 4WL,49.21849,-2.14198
Aquila Road Stores,4,31/05/2024,Aquila Road Stores,8 Aquila Road,Jersey,JE2 3XD,49.188011,-2.108361
Pat-A-Cakes Jersey,5,28/03/2019,,,,,,
St. Brelade's Bay Hotel,5,30/01/2024,La Route de la Baie,St. Brelade,,JE3 8EF,49.18529,-2.20083
Airport Cash Stores,4,10/04/2024,La Petite Route des Mielles,,St. Brelade,JE3 8FA,49.194117,-2.196851
Mont Nicolle School,5,27/06/2024,La Route des Genets,St. Brelade,,JE3 8DB,49.189782,-2.19694
Midbay Cafe,3,21/01/2025,La Route de la Baie,St. Brelade,,JE3 8EF,49.18529,-2.20083
iBake,5,08/08/2024,,,,,,
MBC Motors,5,28/09/2022,Harringtons Garage,La Route des Genets,Jersey,JE3 8LF,49.189782,-2.19694
Beau Rivage Hotel,5,12/07/2024,La Route de la Baie,St. Brelade,,JE3 8EF,49.18529,-2.20083
Ronceray Retirement Home,5,03/03/2025,La Rue du Huquet,St. Martin,,JE3 6HE,49.217728,-2.051631
Golden Sands Hotel,5,19/03/2025,La Route de la Baie,St. Brelade,,JE3 8EF,49.18529,-2.20083
Manor Park Stores,3,23/01/2025,La Pouquelaye,St. Helier,,JE2 3GF,49.195916,-2.108062
Maison Des Landes Hotel,5,02/07/2025,"Unit 12, Le Capelain House",Castle Quay,St. Helier,JE2 3EQ,49.185665,-2.110228
Dean and Linda Beuzeval,5,15/01/2024,,,,,,
Oyster Box,5,10/04/2024,Jersey Oyster Box & Crab Shack,La Route de la Baie,Jersey,JE3 8EF,39.119433,-90.327488
Cheeky Monkeys at Durrell,5,11/03/2024,Augres Manor,La Profonde Rue,Jersey,JE3 5BP,49.230414,-2.074973
The Eric Young Orchid Foundation,5,05/10/2022,Victoria Village,La Rue du Moulin du Ponterrin,Jersey,JE3 5HH,49.216247,-2.083206
Durrell Wildlife Hostel,5,13/05/2025,Durrell Wildlife Preservation Trust,Augres Manor,Trinity,JE3 5BF,49.234493,-2.092927
Communicare Centre,4,07/02/2025,Clos de Carrel,St. Brelade,,JE3 8LJ,49.194711,-2.200198
The Jersey Wonderer,5,07/03/2024,,,,,,
St. Peter's School,3,27/04/2023,St Peters School,La Rue du Presbytère,Jersey,JE3 7ZH,43.865135,-85.37849
Falles Airport Garage,4,08/10/2025,La Route des Quennevais,St. Brelade,,JE3 8FP,49.193048,-2.199306
Co-Op En Route - St Peter,5,16/05/2024,La Route de Beaumont,St. Peter,,JE3 7BQ,49.21283,-2.18372
The Goose,3,29/05/2024,La Route de la Haule,St. Peter,,JE3 7BA,49.21283,-2.18372
Gunsite Cafe,4,14/03/2024,La Route de la Haule,St. Peter,,JE3 7YD,49.21283,-2.18372
Hotel La Place,4,19/07/2025,La Route du Coin,St. Brelade,,JE3 8BT,49.196489,-2.177119
L'Horizon Hotel & Spa,4,25/10/2023,La Route de la Baie,St. Brelade,,JE3 8EF,49.18529,-2.20083
Royal CI Yacht Club,5,14/02/2024,Le Mont du Boulevard,St. Brelade,,JE3 8AD,49.184793,-2.169096
The Kiosk,4,13/01/2023,Bel Royal,Victoria Avenue,Jersey,JE3 1LU,39.119433,-90.327488
Somerville Hotel,5,13/02/2024,Le Mont du Boulevard,St. Brelade,,JE3 8AD,49.184793,-2.169096
Old Smugglers Inn Public House,5,15/05/2025,Le Mont du Ouaisné,St. Brelade,,JE3 8AW,49.17621,-2.179202
Hotel Cristina,2,16/07/2025,Hotel Cristina,Le Mont Félard,St. Lawrence,JE3 1JA,49.202693,-2.139063
Tivoli Tavern,4,12/07/2022,Victoria Road,St. Saviour,,JE2 6QG,49.177034,-2.088613
Y-Not Cafe,3,10/02/2025,12 Waterloo Street,St. Helier,,JE2 4WT,49.185226,-2.104861
The Royal Yacht Hotel,4,24/06/2025,Weighbridge,St. Helier,,JE2 3NF,49.185665,-2.110228
St. Brelades Independent Tutorial Co,5,15/04/2024,Le Mont les Vaux,St. Brelade,,JE3 8AF,49.188065,-2.175542
De la Salle College Canteen,5,11/11/2022,De la Salle College,Wellington Road,Jersey,JE2 7TH,40.852626,-74.115653
Pizza Express,5,03/10/2023,La Route de la Baie,St. Brelade,,JE3 8EF,49.18529,-2.20083
Les Creux Bowls Club,4,25/07/2023,La Route Orange,St. Brelade,,JE3 8GQ,49.188669,-2.21175
Eurostore Fox,4,19/03/2024,Eurostore Fox,15 Beresford Street,Jersey,JE2 4WN,49.18525,-2.10341
Breakwater Cafe,3,23/09/2024,La Route de St. Catherine,St. Martin,,JE3 6DD,49.206907,-2.022287
Cargo Coffee Bar,0,19/05/2025,Cargo Coffee,20  Esplanade,St. Helier,JE2 3QA,49.183975,-2.110619
Lakeside Care Home & Lakeside Manor,4,11/07/2025,Lakeside Manor Care Home,La Rue de la Commune,Jersey,JE3 7BN,49.201022,-2.069192
Aromas,5,17/04/2025,Aromas,44 Kensington Place,Jersey,JE2 3PA,43.865135,-85.37849
Mont Felard Pub,4,16/04/2025,La Route de St. Aubin,St. Lawrence,,JE3 1LL,49.198121,-2.147153
Marks & Spencer - St Peter,5,19/07/2024,La Grande Route De St. Pierre,St. Peter,,JE3 7AY,49.213629,-2.182954
Hugo's,5,14/05/2025,19-23 Halkett Street,St. Helier,,JE2 4WJ,49.184606,-2.1035
"Boots the Chemist, St. Peter",5,25/05/2022,Boots,La Grande Route De St. Pierre,St. Peter,JE3 7AA,49.213629,-2.182954
Roberts Garage - Bel Royal,5,05/03/2025,La Route de St. Aubin,St. Lawrence,,JE3 1LN,49.198121,-2.147153
Rosie's Tea Shop,5,20/05/2025,Rosie's Tea Shop,8 Market Street,Jersey,JE2 4WY,39.042903,-90.136834
The Poplars Tea Room,5,01/05/2025,La Route Orange,St. Brelade,,JE3 8LN,49.188669,-2.21175
Maison La Mare,5,06/01/2023,Maison La Mare,33 King Street,Jersey,JE2 4WF,51.65879,-3.80917
The Taste,4,21/07/2022,35 La Colomberie,St. Helier,,JE2 4QB,49.18249,-2.10137
Lloyds Pharmacy (ceased),5,29/07/2022,2-8 Oxford Road,St. Helier,,JE1 4HB,49.18889,-2.10051
The Ugly Oyster,4,27/11/2025,,,,,,
Cafe Ube (Jersey Airport),5,27/07/2022,Jersey Airport,L'Avenue de la Reine Elizabeth II,Jersey,JE3 7BP,49.206594,-2.187314
"Luxury Jersey Ice Cream, Waterfront Gardens",5,06/04/2023,,,,,,
Hooray Henri's,4,10/03/2025,Green Street Slip,Havre des Pas,Jersey,JE2 4HL,49.178722,-2.104437
Hard Bar,5,03/05/2023,Vue du Vallon,4 Parcq De Cadoret,St. Helier,JE2 3HF,49.185665,-2.110228
"Freedom Activity Camp, St Lawrence",5,30/06/2025,St Lawrence Primary School,La Grande Route de St. Laurent,Jersey,JE3 1NG,52.131589,11.639961
"Freedom Activity Camp, First Tower School",5,06/05/2025,First Tower Primary School,La Route de St. Aubin,Jersey,JE2 3SD,49.198121,-2.147153
Jersey Zoo - Airport Concession,4,28/07/2022,Jersey Airport,L'Avenue de la Reine Elizabeth II,Jersey,JE3 7BP,49.206594,-2.187314
Scooby Shack,5,12/05/2024,,,,,,
"Freedom Activity Camp, St Luke's School",5,19/06/2025,St Luke Primary School,Elizabeth Street,Jersey,JE2 7PG,38.970199,-90.188029
Wood's Kitchen Jersey,5,01/07/2025,,,,,,
Tommo's,3,05/06/2024,Normans Depot,Five Oaks,St. Saviour,JE2 7NH,49.198261,-2.081495
"Freedom Activity Camp, St Clement's School",5,03/06/2025,St Clement Primary School,La Rue de la Chapelle,Jersey,JE2 6LN,39.119433,-90.327488
Wholly Ground Cafe,5,10/10/2023,Office,St. Mark's Church,St. Helier,JE2 4LY,49.185665,-2.110228
Elizabeth Terminal Duty Free Shop,5,17/08/2023,Elizabeth Harbour,La Route Du Port Elizabeth,Jersey,JE2 3NW,30.937499,-92.305998
City Cafe,3,13/02/2025,1 Phillips Street,St. Helier,,JE2 4SW,49.185951,-2.101493
Dino (Events),4,03/05/2024,,,,,,
Molly Moo,5,14/08/2023,,,,,,
Beez Kneez,4,09/07/2024,,,,,,
Anytime Fitness (Shake Kiosk),4,22/08/2022,,,,,,
Loaf (Vehicle),4,21/03/2023,,,,,,
The Padel Pad,4,25/07/2023,St Clements Golf & Sports Centre,Plat Douet Road,Jersey,JE2 6PN,43.865135,-85.37849
Love Wine,5,29/08/2023,10 Seaton Place,St. Helier,,JE2 3QL,49.185665,-2.110228
Little Gem Beach Cafe,5,02/05/2025,La Neuve Route,St. Brelade,,JE3 8BS,49.189827,-2.168792
Bitter & Twisted,5,10/06/2025,,,,,,
Cook Stars Jersey,5,11/03/2024,,,,,,
Saffron Restaurant,4,15/01/2024,Havre des Pas,St. Helier,,JE2 4UQ,49.178125,-2.101715
Soy Fusion,3,30/01/2025,8-10,West Centre,St. Helier,JE2 4ST,49.185665,-2.110228
The Rooster Stove,5,03/07/2024,29 Kensington Place,St. Helier,,JE2 3PA,49.187503,-2.114897
Italian American Social Club,5,30/04/2024,,,,,,
Pembroke Hotel,3,10/09/2024,La Grande Route des Sablons,Grouville,,JE3 9FR,49.176538,-2.032492
Jemma Jelley,5,07/05/2025,,,,,,
The Flour Barn/Sylvie's Cookies,5,17/03/2025,,,,,,
The Shipwright,5,08/05/2025,The Shipwright,1  Peirson Road,St. Helier,JE2 3PD,49.188129,-2.115538
Nomu,4,24/07/2025,69-73  Bath Street,,St. Helier,,49.185462,-2.102357
Macmillan Cancer Support,5,20/03/2025,Macmillan Cancer Support (Jersey) Ltd,213 Lido Medical Centre,St. Saviour,JE2 7LA,49.194897,-2.090318
Perch In The Park,5,17/06/2025,Parade Gardens,Gloucester Street,St. Helier,JE2 3XU,49.187144,-2.111804
Ruby Bakes,5,13/05/2025,,,,,,
Natures Child Jersey,5,25/07/2024,Samares Primary School,School Road,St. Clement,JE2 6TG,49.169796,-2.084149
The Loft (St. Helier),4,06/03/2025,The Loft,IFC 5,St. Helier,JE2 3BY,49.185665,-2.110228
Stans Van,3,14/01/2025,,,,,,
Halfway House (Longueville Golf Range),4,12/12/2024,Longueville Golf Range,La Rue des Prés,St. Clement,JE2 6QL,49.186545,-2.041413
The Portelet Inn,5,29/01/2024,The Portelet Inn,La Route de Noirmont,St. Brelade,JE3 8AJ,49.179756,-2.175266
CV Cakes,5,26/06/2024,,,,,,
Castle Kiosk Catering,4,01/08/2024,Castle Kiosk,West Park Slipway,St. Helier,JE2 4ZT,49.185665,-2.110228
Sweetspot,5,18/07/2024,Commercial Unit 2,Cyril Le Marquand Court,St. Helier,JE2 4FE,49.185665,-2.110228
Jsy Party Room,5,22/10/2024,,,,,,
Sandybrook Nursing House,5,02/08/2024,Sandybrook Nursing Home,La Rue du Craslin,St. Peter,JE3 7ZZ,49.200174,-2.159277
Only Food and Sauces (Master Farms Events),5,07/11/2025,,,,,,
KTea Kombucha,5,03/05/2024,Peacock Farm,La Rue de la Pièce Mauger,Trinity,,49.225825,-2.071987
Me and The Farmer Farm Shop,3,25/10/2024,Brooklands,Longfield Avenue,St. Brelade,JE3 8EB,49.185653,-2.186934
Blakes,2,13/01/2026,59-61  King Street,,St. Helier,JE2 4WE,49.184451,-2.106853
La Petite Baguette/Petitte Cafe,3,13/12/2024,La Petite Baguette,34a  Queen Street,St. Helier,JE2 4WD,49.183719,-2.103057
St Clement's School (Flourish),5,20/05/2025,St. Clements Primary School,La Rue de la Chapelle,St. Clement,JE2 6LN,49.173637,-2.056212
The Wave Beach Restaurant,5,14/03/2025,Havre des Pas,,St. Helier,JE2 4UQ,49.178125,-2.101715
Happy Bun,4,03/04/2025,1  The Parade,,St. Helier,JE2 3QP,49.18671,-2.1102
"Morrisons Daily, Quennevais",4,12/11/2025,Iceland,12-15 Les Quennevais Parade,St. Brelade,JE3 8FX,49.193037,-2.198995
"Morrisons Daily, Kensington Place",3,08/04/2025,Kensington Place,,St. Helier,JE1 1HS,49.188007,-2.113717
Chopsticks,5,15/04/2025,43  Hill Street,,St. Helier,JE2 4UA,49.183584,-2.104436
Costa Coffee,5,19/02/2025,Costa Coffee,Victoria House,St. Brelade,JE3 8BS,49.193024,-2.199614
Costa Coffee,5,29/05/2025,Costa Coffee,30  Queen Street,St. Helier,JE2 4WD,49.183853,-2.103465
"Checkers Xpress, First Tower",3,07/02/2025,Checkers Express,La Route de St. Aubin,St. Helier,JE2 3SG,49.198121,-2.147153
"Morrisons Daily, New Era",5,29/10/2025,,New Era,St. Clement,JE2 7QG,,
"Morrisons Daily, Parade",3,14/10/2025,Iceland,4-5  The Parade,St. Helier,JE2 3QP,49.18681,-2.11038
"Morrisons Daily, Gloucester Street",3,08/04/2025,Spectrum,Gloucester Street,St. Helier,JE2 3DG,49.187144,-2.111804
Quayside Bistro & Grill and Vittoria,3,05/03/2025,,"Unit 9-10, Liberty Wharf",St. Helier,JE2 3NY,,
George's Garden Cafe (Catering),5,27/06/2025,2 Grands Vaux Court,Les Grands Vaux,St. Helier,JE2 4NA,49.201405,-2.09225
The Pizza Box Events,3,31/08/2024,,,,,,
Arroz,3,16/09/2025,,International House,St. Helier,JE2 3QQ,,
La Bottega,4,21/11/2025,Unit 75/77,Central Market,St. Helier,JE2 4WL,49.185665,-2.110228
The Hut,5,17/06/2025,Coronation Park,La Route de St. Aubin,St. Lawrence,JE3 1LN,49.198121,-2.147153
Gerry's Fish Bar,5,17/07/2025,47A,,St. Helier,JE2 3WA,49.185665,-2.110228
Le Moulin de Quétivel,5,28/04/2025,Le Moulin de Quetivel,Le Mont Fallu,St. Peter,JE3 7EF,51.135727,6.801864
The Oat Bar,5,02/05/2025,,,,,,
Amelie Ltd,5,06/06/2025,22  Halkett Street,,St. Helier,JE2 4WJ,49.18495,-2.10341
The Sundown,5,21/03/2025,4  Wharf Street,,St. Helier,,49.182898,-2.107852
"Fuel 2 Go, York Street",4,31/05/2024,7  York Street,,St. Helier,,49.18562,-2.1094
5 Mile Thai,2,14/01/2025,35-05S Milano Slipway,La Charrière Cappelain,St. Ouen,,49.24033,-2.243643
Jerk Oasis (Mobile Food Trailer),5,10/04/2024,,,,,,
Sea Level Distillery Shop,5,16/06/2025,Gorey Coast Road Stores,La Route de la Cote,St. Martin,JE3 6EU,49.206907,-2.022287
Cafe Barcelona,0,24/09/2025,19  Commercial Buildings,,St. Helier,JE2 3NB,49.18052,-2.1089
"Dino, The Old England",3,07/11/2024,Old England Hotel,10  Cheapside,St. Helier,JE2 3PG,49.18888,-2.1125
Jersey Rugby Football Club,4,08/07/2024,Jersey Rugby Football Club,La Rue des Landes,St. Peter,JE3 7BG,49.247256,-2.248054
Liberty Bistro,4,04/04/2025,Unit 11b,Liberty Wharf,St. Helier,JE2 3NY,49.182951,-2.107887
Animal Kingdom,4,08/07/2024,Animal Kingdom,Unit 1A Barette Commercial Centre,,JE3 4DS,40.941282,-77.788639
Sue's Hot Snacks,3,20/11/2024,Auction Rooms,Glencoe,St. Lawrence,JE3 1NN,-0.895779,119.867997
Little Bolo by D,5,04/09/2025,,,,,,
The Troubadour,4,01/05/2025,The Troubadour,7  Caledonia Place,St. Helier,JE2 3NG,49.18217,-2.10789
Gourmet Galley,5,04/04/2025,,,,,,
"Alfonso Bakery, Coffee Shop & Superstore",4,14/06/2025,1  Cheapside,,St. Helier,,49.18865,-2.11222
Luxury Jersey Ice Cream (Events),5,25/03/2025,,,,,,
TJ's Bake & Browse (Retail),5,31/10/2025,Georgetown Shop,Georgetown Road,St. Saviour,JE2 7PH,49.178826,-2.093266
Hector's Work Cafe,4,10/06/2024,Jersey College For Girls Secondary School,Le Mont Millais,,JE2 7YB,49.181442,-2.097018
Super Spuds by Caring Cooks,5,28/07/2025,,,,,,
Frida Cowlo,4,01/04/2025,,,,,,
Tea Tent,5,21/07/2025,,,,,,
Scheherzade,3,03/01/2025,40  Kensington Place,,St. Helier,JE2 3PA,49.18771,-2.1144
Veranda,4,07/01/2025,Village Bistro,Gorey Village Main Road,Grouville,JE3 9EP,49.195959,-2.03384
Bar Levant,2,11/02/2025,Cafe Colmar,Broad Street,St. Helier,JE2 3RR,49.1845,-2.108134
Jersey Jacks,5,25/11/2025,,,,,,
Loaves & Layers,5,23/09/2025,,,,,,
St Catherine's Bunker,3,10/05/2025,St. Catherine's Bunker,La Route de St. Catherine,St. Martin,JE3 6DD,49.206907,-2.022287
Tavola,4,18/09/2025,Jersey Central Market 103-107,,St. Helier,JE2 4WL,49.185665,-2.110228
Les Landes Primary School,5,20/06/2025,Les Landes Primary School,La Rue des Cosnets,St. Ouen,JE3 2BJ,49.246014,-2.226716
La Maison Gourmande,2,29/09/2025,1-2  Bagatelle Parade,Bagatelle Road,St. Saviour,JE2 7TP,49.196771,-2.082619
Paraiso Cafe,3,14/11/2023,61a  New Street,,St. Helier,JE2 3RA,49.18686,-2.10579
Meals on Wheels Society (Jersey),3,29/07/2025,Enid Quenault Health and Wellbeing Centre,Le Clos des Sables,St. Brelade,JE3 8JW,49.191086,-2.20399
Jerk Oasis,5,15/05/2025,2  St. James Street,,St. Helier,,49.18383,-2.10007
MOMO,3,18/03/2025,Nightclub,22  Beresford Street,St. Helier,JE2 4WN,49.185217,-2.103294
Cocorico,2,21/11/2025,118-119,Central Market,St. Helier,JE2 4WL,49.185665,-2.110228
Supermarket Madeira,5,02/05/2025,7 Bagatelle Parade,Bagatelle Road,St. Saviour,JE2 7TP,49.196771,-2.082619
Express Auto Parts (Express Bites),3,01/05/2025,,,,,,
La Cantina,5,27/06/2025,La Cantina Restaurant,7-8  Peirson Road,St. Helier,JE2 3PD,49.187614,-2.116617
SD Catering,5,06/05/2025,,,,,,
Jersey Seafood Trailer,5,10/05/2025,,,,,,
Ima's Rum Punch,5,24/11/2025,,,,,,
Jakes BBQ (Events),3,30/07/2025,,,,,,
Habibi Haus,4,21/11/2025,Habibi Haus,66  Bath Street,St. Helier,JE2 4SU,49.18605,-2.10227
TJ's Bake & Browse,5,31/10/2025,,,,,,
No1 Lounges (JER) Ltd,5,18/11/2025,Jersey Airport,L'Avenue de la Commune,St. Peter,JE1 1BY,49.202412,-2.192182
Booze Box,4,29/04/2025,,,,,,
La Passerelle School,5,26/11/2025,,,,,,
